model,manufacturer,gaming_adapt,operating_system,weight,RAM_memory_volume,CPU_speed,processor_model,processor_generation,memory_type,storage_capacity,hard_drive_type,optical_drive,screen_size,screen_resolution,screen_type,display_refresh_rate,touch_screen,webcam,security_measures,cellular_modem,low_price,high_price,average_price,Data_acquisition_date,comp_model_url,computer_entry_date
  Lenovo V14 G3 IAP 82TS0042IV ,Lenovo,לא רלוונטי,ללא,"1.43 ק""ג",16 GB,4.7Ghz,1255U,דור 12,DDR4,512 GB,SSD,לא כולל,14 אינטש,1920x1080,LCD,60 Hz,ללא,1 מגה פיקסל,לא כולל,לא כולל,2198,3295,2746.5,"(2023, 6, 8)",https://www.zap.co.il/model.aspx?modelid=1169525,2022
  Lenovo V14 G2 ITL 82KA001NIV ,Lenovo,לא רלוונטי,ללא,"1.6 ק""ג",8 GB,4.2Ghz,1135G7,דור 11,DDR4,256 GB,SSD,לא כולל,14 אינטש,1920x1080,LCD,60 Hz,ללא,1 מגה פיקסל,לא כולל,לא כולל,1484,2446,1965.0,"(2023, 6, 8)",https://www.zap.co.il/model.aspx?modelid=1138548,2022
  Lenovo IdeaPad 3 15ITL6 82H803D1IV ,Lenovo,לא רלוונטי,ללא,"1.65 ק""ג",8 GB,3Ghz,1115G4,דור 11,DDR4,256 GB,SSD,לא כולל,15.6 אינטש,1920x1080,LCD,60 Hz,ללא,1 מגה פיקסל,לא כולל,לא כולל,1329,1749,1539.0,"(2023, 6, 8)",https://www.zap.co.il/model.aspx?modelid=1186654,מ 2023
  Lenovo IdeaPad 3 15ITL6 82H8039EIV ,Lenovo,לא רלוונטי,ללא,"1.65 ק""ג",8 GB,2.5Ghz,1155G7,דור 11,DDR4,256 GB,SSD,לא כולל,15.6 אינטש,1920x1080,LCD,60 Hz,ללא,1 מגה פיקסל,לא כולל,לא כולל,1599,2074,1836.5,"(2023, 6, 8)",https://www.zap.co.il/model.aspx?modelid=1183077,מ 2023
  Lenovo IdeaPad 3 15IAU7 82RK00D6IV ,Lenovo,לא רלוונטי,Windows 11 Home,"1.63 ק""ג",16 GB,3.3Ghz,1235U,דור 12,DDR4,512 GB,SSD,לא כולל,15.6 אינטש,1920x1080,LCD,60 Hz,ללא,1 מגה פיקסל,לא כולל,לא כולל,2552,3266,2909.0,"(2023, 6, 8)",https://www.zap.co.il/model.aspx?modelid=1172321,2022
  Lenovo IdeaPad 3 15IAU7 82RK00CYIV ,Lenovo,לא רלוונטי,Windows 11 Home,"1.63 ק""ג",8 GB,3.3Ghz,1235U,דור 12,DDR4,256 GB,SSD,לא כולל,15.6 אינטש,1920x1080,LCD,60 Hz,ללא,1 מגה פיקסל,לא כולל,לא כולל,2180,2702,2441.0,"(2023, 6, 8)",https://www.zap.co.il/model.aspx?modelid=1170518,2022
  Lenovo V14-ADA 82C6006AIV ,Lenovo,לא רלוונטי,ללא,"1.6 ק""ג",4 GB,1.2Ghz,3020e,לא זמין,DDR4,256 GB,SSD,לא כולל,14 אינטש,1366x768,LCD,60 Hz,ללא,כולל,לא כולל,לא כולל,785,1499,1142.0,"(2023, 6, 8)",https://www.zap.co.il/model.aspx?modelid=1097913,2020
  Lenovo V14 G3 IAP 82TS0024IV ,Lenovo,לא רלוונטי,ללא,"1.43 ק""ג",8 GB,3.3Ghz,1215U,דור 12,DDR4,256 GB,SSD,לא כולל,14 אינטש,1920x1080,LCD,60 Hz,ללא,1 מגה פיקסל,לא כולל,לא כולל,1300,1848,1574.0,"(2023, 6, 8)",https://www.zap.co.il/model.aspx?modelid=1169524,2022
  Lenovo IdeaPad 3 15IAU7 82RK00DGIV ,Lenovo,לא רלוונטי,Windows 11 Home,"1.63 ק""ג",16 GB,4.7Ghz,1255U,דור 12,DDR4,512 GB,SSD,לא כולל,15.6 אינטש,1920x1080,LCD,60 Hz,ללא,1 מגה פיקסל,לא כולל,לא כולל,3097,3716,3406.5,"(2023, 6, 8)",https://www.zap.co.il/model.aspx?modelid=1171584,2022
  Lenovo V14 IGL 82C2006WIV ,Lenovo,לא רלוונטי,ללא,"1.6 ק""ג",8 GB,1.1Ghz,N4020,דור 4,DDR4,256 GB,SSD,לא כולל,14 אינטש,1920x1080,LCD,60 Hz,ללא,כולל,לא כולל,לא כולל,825,1349,1087.0,"(2023, 6, 8)",https://www.zap.co.il/model.aspx?modelid=1169522,2022
  Lenovo IdeaPad 3 15IAU7 82RK00DDIV ,Lenovo,לא רלוונטי,ללא,"1.63 ק""ג",16 GB,4.7Ghz,1255U,דור 12,DDR4,512 GB,SSD,לא כולל,15.6 אינטש,1920x1080,LCD,60 Hz,ללא,1 מגה פיקסל,לא כולל,לא כולל,2642,3599,3120.5,"(2023, 6, 8)",https://www.zap.co.il/model.aspx?modelid=1171603,2022
  Lenovo IdeaPad 3 15IAU7 82RK00CQIV ,Lenovo,לא רלוונטי,Windows 11 Home,"1.63 ק""ג",8 GB,3.3Ghz,1215U,דור 12,DDR4,256 GB,SSD,לא כולל,15.6 אינטש,1920x1080,LCD,60 Hz,ללא,1 מגה פיקסל,לא כולל,לא כולל,1867,2267,2067.0,"(2023, 6, 8)",https://www.zap.co.il/model.aspx?modelid=1171580,2022
  Lenovo IdeaPad Flex 5 14IAU7 82R7009FIV ,Lenovo,לא רלוונטי,Windows 11 Home,"1.5 ק""ג",8 GB,3.3Ghz,1235U,דור 12,DDR4,256 GB,SSD,לא כולל,14 אינטש,1920x1200,IPS,60 Hz,כולל,כולל,קורא טביעות אצבע,לא כולל,3068,4196,3632.0,"(2023, 6, 8)",https://www.zap.co.il/model.aspx?modelid=1166580,2022
  Lenovo IdeaPad Flex 5 14IAU7 82R7009PIV ,Lenovo,לא רלוונטי,Windows 11 Home,"1.5 ק""ג",16 GB,3.3Ghz,1235U,דור 12,DDR4,512 GB,SSD,לא כולל,14 אינטש,1920x1200,IPS,60 Hz,כולל,כולל,קורא טביעות אצבע,לא כולל,3395,4440,3917.5,"(2023, 6, 8)",https://www.zap.co.il/model.aspx?modelid=1166583,2022
  Lenovo ThinkPad E14 Gen 4 21E30082IV ,Lenovo,לא רלוונטי,ללא,"1.64 ק""ג",8 GB,3.3Ghz,1235U,דור 12,DDR4,256 GB,SSD,לא כולל,14 אינטש,1920x1080,IPS,60 Hz,ללא,כולל,מצלמת IR,לא כולל,2777,3149,2963.0,"(2023, 6, 8)",https://www.zap.co.il/model.aspx?modelid=1165458,2022
  Lenovo IdeaPad 3 15ITL6 82H8039FIV ,Lenovo,לא רלוונטי,ללא,"1.65 ק""ג",8 GB,2.5Ghz,1155G7,דור 11,DDR4,512 GB,SSD,לא כולל,15.6 אינטש,1920x1080,LED,60 Hz,ללא,כולל,לא זמין,לא כולל,1810,2218,2014.0,"(2023, 6, 8)",https://www.zap.co.il/model.aspx?modelid=1183078,מ 2023
  Lenovo IdeaPad 3 15IAU7 82RK00D0IV ,Lenovo,לא רלוונטי,Windows 11 Home,"1.63 ק""ג",8 GB,3.3Ghz,1235U,דור 12,DDR4,256 GB,SSD,לא כולל,15.6 אינטש,1920x1080,LCD,60 Hz,ללא,1 מגה פיקסל,לא כולל,לא כולל,2309,2641,2475.0,"(2023, 6, 8)",https://www.zap.co.il/model.aspx?modelid=1170501,2022
  Lenovo IdeaPad 3 15IAU7 82RK00CMIV ,Lenovo,לא רלוונטי,ללא,"1.63 ק""ג",8 GB,3.3Ghz,1215U,דור 12,DDR4,256 GB,SSD,לא כולל,15.6 אינטש,1920x1080,LCD,60 Hz,ללא,1 מגה פיקסל,לא כולל,לא כולל,1473,1990,1731.5,"(2023, 6, 8)",https://www.zap.co.il/model.aspx?modelid=1171578,2022
  Lenovo ThinkPad E14 Gen 4 21E30088IV ,Lenovo,לא רלוונטי,ללא,"1.64 ק""ג",16 GB,4.7Ghz,1255U,דור 12,DDR4,512 GB,SSD,לא כולל,14 אינטש,1920x1080,IPS,60 Hz,ללא,כולל,"מצלמת IR, קורא טביעות אצבע",לא כולל,3714,4240,3977.0,"(2023, 6, 8)",https://www.zap.co.il/model.aspx?modelid=1161884,2022
  Lenovo IdeaPad Flex 5 14IAU7 82R7009YIV ,Lenovo,לא רלוונטי,Windows 11 Home,"1.5 ק""ג",16 GB,4.7Ghz,1255U,דור 12,DDR4,1000 GB,SSD,לא כולל,14 אינטש,1920x1200,IPS,60 Hz,כולל,כולל,קורא טביעות אצבע,לא כולל,4134,4990,4562.0,"(2023, 6, 8)",https://www.zap.co.il/model.aspx?modelid=1165588,2022
  Lenovo V14 G2 ITL 82KA001JIV ,Lenovo,לא רלוונטי,ללא,"1.6 ק""ג",8 GB,3Ghz,1115G4,דור 11,DDR4,256 GB,SSD,לא כולל,14 אינטש,1920x1080,LCD,60 Hz,ללא,1 מגה פיקסל,לא כולל,לא כולל,1175,1699,1437.0,"(2023, 6, 8)",https://www.zap.co.il/model.aspx?modelid=1138546,2022
  Lenovo IdeaPad Flex 5 14IAU7 82R7009RIV ,Lenovo,לא רלוונטי,Windows 11 Home,"1.5 ק""ג",16 GB,3.3Ghz,1235U,דור 12,DDR4,512 GB,SSD,לא כולל,14 אינטש,1920x1200,IPS,60 Hz,כולל,כולל,קורא טביעות אצבע,לא כולל,3424,4039,3731.5,"(2023, 6, 8)",https://www.zap.co.il/model.aspx?modelid=1166582,2022
  Lenovo ThinkPad E15 Gen 4 21E6006SIV ,Lenovo,לא רלוונטי,ללא,"1.7 ק""ג",8 GB,3.3Ghz,1235U,דור 12,DDR4,256 GB,SSD,לא כולל,15.6 אינטש,1920x1080,IPS,60 Hz,ללא,כולל,מצלמת IR,לא כולל,2757,3086,2921.5,"(2023, 6, 8)",https://www.zap.co.il/model.aspx?modelid=1165465,2022
  Lenovo IdeaPad 3 15IAU7 82RK00C9IV ,Lenovo,לא רלוונטי,Windows 11 Home,"1.63 ק""ג",8 GB,3.3Ghz,1215U,דור 12,DDR4,512 GB,SSD,לא כולל,15.6 אינטש,1920x1080,LCD,60 Hz,ללא,1 מגה פיקסל,לא כולל,לא כולל,2048,2449,2248.5,"(2023, 6, 8)",https://www.zap.co.il/model.aspx?modelid=1171592,2022
  Lenovo IdeaPad 3 17IAU7 82RL004WIV ,Lenovo,לא רלוונטי,Windows 11 Home,"2.04 ק""ג",16 GB,4.7Ghz,1255U,דור 12,DDR4,512 GB,SSD,לא כולל,17.3 אינטש,1920x1080,IPS,60 Hz,ללא,1 מגה פיקסל,לא כולל,לא כולל,3699,3999,3849.0,"(2023, 6, 8)",https://www.zap.co.il/model.aspx?modelid=1170512,2022
  Lenovo ThinkPad E15 Gen 4 21E6006UIV ,Lenovo,לא רלוונטי,ללא,"1.7 ק""ג",16 GB,3.3Ghz,1235U,דור 12,DDR4,512 GB,SSD,לא כולל,15.6 אינטש,1920x1080,IPS,60 Hz,ללא,כולל,מצלמת IR,לא כולל,3283,3758,3520.5,"(2023, 6, 8)",https://www.zap.co.il/model.aspx?modelid=1169635,2022
  Lenovo IdeaPad 3 17IAU7 82RL004LIV ,Lenovo,לא רלוונטי,Windows 11 Home,"2.04 ק""ג",8 GB,3.3Ghz,1215U,דור 12,DDR4,256 GB,SSD,לא כולל,17.3 אינטש,1600x900,LCD,60 Hz,ללא,1 מגה פיקסל,לא כולל,לא כולל,2239,2499,2369.0,"(2023, 6, 8)",https://www.zap.co.il/model.aspx?modelid=1171582,2022
  Lenovo Yoga Slim 7 Pro 14IAP7 82SV0079IV ,Lenovo,לא רלוונטי,Windows 11 Pro,"1.32 ק""ג",16 GB,3.4Ghz,1260P,דור 12,DDR5,1000 GB,SSD,לא כולל,14 אינטש,2880X1800,OLED,90 Hz,ללא,כולל,מצלמת IR,לא כולל,5153,7750,6451.5,"(2023, 6, 8)",https://www.zap.co.il/model.aspx?modelid=1169064,2022
  Lenovo V14 G3 IAP 82TS003PIV ,Lenovo,לא רלוונטי,ללא,"1.43 ק""ג",16 GB,3.3Ghz,1235U,דור 12,DDR4,256 GB,SSD,לא כולל,14 אינטש,1920x1080,LCD,60 Hz,ללא,1 מגה פיקסל,לא כולל,לא כולל,1910,2445,2177.5,"(2023, 6, 8)",https://www.zap.co.il/model.aspx?modelid=1170366,2022
  Lenovo IdeaPad 3 15IAU7 82RK00D5IV ,Lenovo,לא רלוונטי,ללא,"1.63 ק""ג",16 GB,3.3Ghz,1235U,דור 12,DDR4,512 GB,SSD,לא כולל,15.6 אינטש,1920x1080,LCD,60 Hz,ללא,1 מגה פיקסל,לא כולל,לא כולל,2339,2802,2570.5,"(2023, 6, 8)",https://www.zap.co.il/model.aspx?modelid=1171595,2022
  Lenovo ThinkPad E14 Gen 4 21E300CAIV ,Lenovo,לא רלוונטי,Windows 11 Pro,"1.64 ק""ג",16 GB,3.3Ghz,1235U,דור 12,DDR4,512 GB,SSD,לא כולל,14 אינטש,1920x1080,IPS,60 Hz,ללא,כולל,מצלמת IR,לא כולל,3765,4139,3952.0,"(2023, 6, 8)",https://www.zap.co.il/model.aspx?modelid=1164177,2022
  Lenovo ThinkBook 15 G4 IAP 21DJ0063IV ,Lenovo,לא רלוונטי,ללא,"1.7 ק""ג",8 GB,3.3Ghz,1235U,דור 12,DDR4,256 GB,SSD,לא כולל,15.6 אינטש,1920x1080,IPS,60 Hz,ללא,כולל,קורא טביעות אצבע,לא כולל,2664,3018,2841.0,"(2023, 6, 8)",https://www.zap.co.il/model.aspx?modelid=1161517,2022
  Lenovo ThinkPad E15 Gen 4 21E60092IV ,Lenovo,לא רלוונטי,Windows 11 Pro,"1.7 ק""ג",8 GB,3.3Ghz,1235U,דור 12,DDR4,256 GB,SSD,לא כולל,15.6 אינטש,1920x1080,IPS,60 Hz,ללא,כולל,"מצלמת IR, קורא טביעות אצבע",לא כולל,3275,3990,3632.5,"(2023, 6, 8)",https://www.zap.co.il/model.aspx?modelid=1165459,2022
  Lenovo ThinkBook 15 G4 IAP 21DJ005TIV ,Lenovo,לא רלוונטי,ללא,"1.7 ק""ג",16 GB,3.3Ghz,1235U,דור 12,DDR4,512 GB,SSD,לא כולל,15.6 אינטש,1920x1080,IPS,60 Hz,ללא,כולל,קורא טביעות אצבע,לא כולל,2879,3200,3039.5,"(2023, 6, 8)",https://www.zap.co.il/model.aspx?modelid=1167308,2022
  Lenovo IdeaPad 3 17IAU7 82RL004VIV ,Lenovo,לא רלוונטי,ללא,"2.04 ק""ג",16 GB,4.7Ghz,1255U,דור 12,DDR4,512 GB,SSD,לא כולל,17.3 אינטש,1920x1080,IPS,60 Hz,ללא,1 מגה פיקסל,קורא טביעות אצבע,לא כולל,3417,3789,3603.0,"(2023, 6, 8)",https://www.zap.co.il/model.aspx?modelid=1171585,2022
  Lenovo V15 G4 AMN 82YU0044IV ,Lenovo,לא רלוונטי,ללא,"1.65 ק""ג",8 GB,2.4Ghz,7120U,דור 5,DDR5,256 GB,SSD,לא כולל,15.6 אינטש,1920x1080,LCD,60 Hz,ללא,1 מגה פיקסל,לא כולל,לא כולל,1042,1361,1201.5,"(2023, 6, 8)",https://www.zap.co.il/model.aspx?modelid=1194008,מ 2023
  Lenovo IdeaPad 3 15IAU7 82RK00CXIV ,Lenovo,לא רלוונטי,Windows 11 Home,"1.63 ק""ג",8 GB,3.3Ghz,1235U,דור 12,DDR4,256 GB,SSD,לא כולל,15.6 אינטש,1920x1080,LCD,60 Hz,ללא,1 מגה פיקסל,לא כולל,לא כולל,2309,2641,2475.0,"(2023, 6, 8)",https://www.zap.co.il/model.aspx?modelid=1170500,2022
  Lenovo ThinkPad E14 Gen 4 21E300CCIV ,Lenovo,לא רלוונטי,Windows 11 Pro,"1.64 ק""ג",8 GB,3.3Ghz,1235U,דור 12,DDR4,256 GB,SSD,לא כולל,14 אינטש,1920x1080,IPS,60 Hz,ללא,כולל,מצלמת IR,לא כולל,3440,3929,3684.5,"(2023, 6, 8)",https://www.zap.co.il/model.aspx?modelid=1167310,2022
  Lenovo ThinkPad E14 Gen 4 21E300C6IV ,Lenovo,לא רלוונטי,Windows 11 Pro,"1.64 ק""ג",16 GB,4.7Ghz,1255U,דור 12,DDR4,1000 GB,SSD,לא כולל,14 אינטש,1920x1080,IPS,60 Hz,ללא,כולל,"מצלמת IR, קורא טביעות אצבע",לא כולל,4566,5059,4812.5,"(2023, 6, 8)",https://www.zap.co.il/model.aspx?modelid=1164182,2022
  Lenovo IdeaPad 3 15IAU7 82RK00CVIV ,Lenovo,לא רלוונטי,ללא,"1.63 ק""ג",8 GB,3.3Ghz,1235U,דור 12,DDR4,256 GB,SSD,לא כולל,15.6 אינטש,1920x1080,LCD,60 Hz,ללא,1 מגה פיקסל,לא כולל,לא כולל,1946,2379,2162.5,"(2023, 6, 8)",https://www.zap.co.il/model.aspx?modelid=1170503,2022
  Lenovo IdeaPad 3 15ITL6 82H8039DIV ,Lenovo,לא רלוונטי,ללא,"1.65 ק""ג",16 GB,2.8Ghz,1165G7,דור 11,DDR4,512 GB,SSD,לא כולל,15.6 אינטש,1920x1080,לא זמין,60 Hz,ללא,כולל,לא זמין,לא כולל,2440,2797,2618.5,"(2023, 6, 8)",https://www.zap.co.il/model.aspx?modelid=1183082,מ 2023
  Lenovo ThinkPad E14 Gen 4 21E300C9IV ,Lenovo,לא רלוונטי,Windows 11 Pro,"1.64 ק""ג",16 GB,3.3Ghz,1235U,דור 12,DDR4,256 GB,SSD,לא כולל,14 אינטש,1920x1080,IPS,60 Hz,ללא,כולל,"מצלמת IR, קורא טביעות אצבע",לא כולל,3458,3999,3728.5,"(2023, 6, 8)",https://www.zap.co.il/model.aspx?modelid=1164176,2022
  Lenovo IdeaPad 3 15ITL6 82H803D2IV ,Lenovo,לא רלוונטי,ללא,"1.65 ק""ג",8 GB,3Ghz,1115G4,דור 11,DDR4,512 GB,SSD,לא כולל,15.6 אינטש,1920x1080,LCD,60 Hz,ללא,1 מגה פיקסל,לא כולל,לא כולל,1427,1789,1608.0,"(2023, 6, 8)",https://www.zap.co.il/model.aspx?modelid=1189536,מ 2023
  Lenovo ThinkBook 16p G2 ACH 20YM002TIV ,Lenovo,לא רלוונטי,Windows 11 Pro,"1.99 ק""ג",16 GB,3.2Ghz,5800H,דור 4,DDR4,1000 GB,SSD,לא כולל,16 אינטש,2560x1600,IPS,60 Hz,ללא,כולל,קורא טביעות אצבע,לא כולל,5070,6226,5648.0,"(2023, 6, 8)",https://www.zap.co.il/model.aspx?modelid=1145115,2022
  Lenovo IdeaPad 3 17IAU7 82RL004UIV ,Lenovo,לא רלוונטי,Windows 11 Home,"2.04 ק""ג",16 GB,3.3Ghz,1235U,דור 12,DDR4,512 GB,SSD,לא כולל,17.3 אינטש,1920x1080,IPS,60 Hz,ללא,1 מגה פיקסל,לא כולל,לא כולל,3178,3590,3384.0,"(2023, 6, 8)",https://www.zap.co.il/model.aspx?modelid=1170510,2022
  Lenovo ThinkBook 14 G4 IAP 21DH006SIV ,Lenovo,לא רלוונטי,ללא,"1.4 ק""ג",8 GB,3.3Ghz,1235U,דור 12,DDR4,256 GB,SSD,לא כולל,14 אינטש,1920x1080,IPS,60 Hz,ללא,כולל,קורא טביעות אצבע,לא כולל,2779,3390,3084.5,"(2023, 6, 8)",https://www.zap.co.il/model.aspx?modelid=1171134,2022
  Lenovo ThinkBook 14 G4 IAP 21DH006YIV ,Lenovo,לא רלוונטי,ללא,"1.4 ק""ג",16 GB,3.3Ghz,1235U,דור 12,DDR4,512 GB,SSD,לא כולל,14 אינטש,1920x1080,IPS,60 Hz,ללא,כולל,קורא טביעות אצבע,לא כולל,2964,3450,3207.0,"(2023, 6, 8)",https://www.zap.co.il/model.aspx?modelid=1171943,2022
  Lenovo IdeaPad 3 17IAU7 82RL004QIV ,Lenovo,לא רלוונטי,Windows 11 Home,"2.04 ק""ג",8 GB,3.3Ghz,1235U,דור 12,DDR4,256 GB,SSD,לא כולל,17.3 אינטש,1920x1080,IPS,60 Hz,ללא,1 מגה פיקסל,לא כולל,לא כולל,2748,3252,3000.0,"(2023, 6, 8)",https://www.zap.co.il/model.aspx?modelid=1170505,2022
  Lenovo Yoga Slim 7 ProX 14IAH7 82TK008SIV ,Lenovo,לא רלוונטי,Windows 11 Home,"1.45 ק""ג",16 GB,3.5Ghz,12700H,דור 12,DDR5,1000 GB,SSD,לא כולל,14.5 אינטש,3072x1920,IPS,120 Hz,כולל,כולל,מצלמת IR,לא כולל,6578,7072,6825.0,"(2023, 6, 8)",https://www.zap.co.il/model.aspx?modelid=1170157,2022
  Lenovo ThinkPad E14 Gen 4 21E300C3IV ,Lenovo,לא רלוונטי,ללא,"1.64 ק""ג",16 GB,3.3Ghz,1235U,דור 12,DDR4,1000 GB,SSD,לא כולל,14 אינטש,1920x1080,IPS,60 Hz,ללא,כולל,מצלמת IR,לא כולל,3642,4059,3850.5,"(2023, 6, 8)",https://www.zap.co.il/model.aspx?modelid=1171135,2022
  Lenovo IdeaPad 3 17IAU7 82RL004TIV ,Lenovo,לא רלוונטי,ללא,"2.04 ק""ג",16 GB,3.3Ghz,1235U,דור 12,DDR4,512 GB,SSD,לא כולל,17.3 אינטש,1920x1080,IPS,60 Hz,ללא,1 מגה פיקסל,לא כולל,לא כולל,2806,3207,3006.5,"(2023, 6, 8)",https://www.zap.co.il/model.aspx?modelid=1170509,2022
  Lenovo IdeaPad Flex 5 14IAU7 82R70099IV ,Lenovo,לא רלוונטי,Windows 11 Home,"1.5 ק""ג",8 GB,3.3Ghz,1215U,דור 12,DDR4,256 GB,SSD,לא כולל,14 אינטש,1920x1200,IPS,60 Hz,כולל,כולל,קורא טביעות אצבע,לא כולל,2717,3215,2966.0,"(2023, 6, 8)",https://www.zap.co.il/model.aspx?modelid=1164190,2022
  Lenovo IdeaPad 3 15IAU7 82RK00DNIV ,Lenovo,לא רלוונטי,Windows 11 Home,"1.63 ק""ג",16 GB,4.7Ghz,1255U,דור 12,DDR4,1000 GB,SSD,לא כולל,15.6 אינטש,1920x1080,LCD,60 Hz,ללא,1 מגה פיקסל,לא כולל,לא כולל,3526,4340,3933.0,"(2023, 6, 8)",https://www.zap.co.il/model.aspx?modelid=1170511,2022
  Lenovo Yoga 7 14IAL7 82QE008XIV ,Lenovo,לא רלוונטי,Windows 11 Home,"1.45 ק""ג",16 GB,3.3Ghz,1235U,דור 12,DDR5,512 GB,SSD,לא כולל,14 אינטש,2240x1400,IPS,60 Hz,כולל,כולל,מצלמת IR,לא כולל,4450,5739,5094.5,"(2023, 6, 8)",https://www.zap.co.il/model.aspx?modelid=1164057,2022
  Lenovo ThinkBook 15 G4 IAP 21DJ005UIV ,Lenovo,לא רלוונטי,Windows 11 Pro,"1.7 ק""ג",8 GB,3.3Ghz,1235U,דור 12,DDR4,256 GB,SSD,לא כולל,15.6 אינטש,1920x1080,LCD,60 Hz,ללא,כולל,קורא טביעות אצבע,לא כולל,2987,3550,3268.5,"(2023, 6, 8)",https://www.zap.co.il/model.aspx?modelid=1166354,2022
  Lenovo IdeaPad 3 15IAU7 82RK00CBIV ,Lenovo,לא רלוונטי,ללא,"1.63 ק""ג",8 GB,3.3Ghz,1235U,דור 12,DDR4,512 GB,SSD,לא כולל,15.6 אינטש,1920x1080,LCD,60 Hz,ללא,1 מגה פיקסל,לא כולל,לא כולל,2090,2493,2291.5,"(2023, 6, 8)",https://www.zap.co.il/model.aspx?modelid=1171593,2022
  Lenovo IdeaPad Flex 5 14IAU7 82R7009UIV ,Lenovo,לא רלוונטי,Windows 11 Home,"1.5 ק""ג",16 GB,3.3Ghz,1235U,דור 12,DDR4,1000 GB,SSD,לא כולל,14 אינטש,1920x1200,IPS,60 Hz,כולל,כולל,קורא טביעות אצבע,לא כולל,3660,4290,3975.0,"(2023, 6, 8)",https://www.zap.co.il/model.aspx?modelid=1163478,2022
  Lenovo IdeaPad Yoga 9 14IAP7 82LU0027IV ,Lenovo,לא רלוונטי,Windows 11 Home,"1.4 ק""ג",16 GB,4.4Ghz,1240P,דור 12,DDR5,512 GB,SSD,לא כולל,14 אינטש,2880X1800,OLED,60 Hz,כולל,כולל,"מצלמת IR, קורא טביעות אצבע",לא כולל,5683,6888,6285.5,"(2023, 6, 8)",https://www.zap.co.il/model.aspx?modelid=1147025,2022
  Lenovo IdeaPad Yoga 9 14IAP7 82LU001XIV ,Lenovo,לא רלוונטי,Windows 11 Pro,"1.4 ק""ג",16 GB,3.4Ghz,1260P,דור 12,DDR5,1000 GB,SSD,לא כולל,14 אינטש,3840x2400,OLED,60 Hz,כולל,כולל,"מצלמת IR, קורא טביעות אצבע",לא כולל,6789,7257,7023.0,"(2023, 6, 8)",https://www.zap.co.il/model.aspx?modelid=1146940,2022
  Lenovo IdeaPad Flex 5 14IAU7 82R7009KIV ,Lenovo,לא רלוונטי,Windows 11 Pro,"1.5 ק""ג",16 GB,3.3Ghz,1235U,דור 12,DDR4,512 GB,SSD,לא כולל,14 אינטש,1920x1200,IPS,60 Hz,כולל,כולל,קורא טביעות אצבע,לא כולל,3632,4366,3999.0,"(2023, 6, 8)",https://www.zap.co.il/model.aspx?modelid=1166584,2022
  Lenovo IdeaPad 3 15ITL6 82H8039GIV ,Lenovo,לא רלוונטי,ללא,"1.65 ק""ג",16 GB,2.5Ghz,1155G7,דור 11,DDR4,512 GB,SSD,לא כולל,15.6 אינטש,1920x1080,LED,60 Hz,ללא,כולל,לא זמין,לא כולל,2170,2507,2338.5,"(2023, 6, 8)",https://www.zap.co.il/model.aspx?modelid=1183080,מ 2023
  Lenovo IdeaPad 3 15IAU7 82RK00CDIV ,Lenovo,לא רלוונטי,Windows 11 Home,"1.63 ק""ג",8 GB,3.3Ghz,1235U,דור 12,DDR4,512 GB,SSD,לא כולל,15.6 אינטש,1920x1080,LCD,60 Hz,ללא,1 מגה פיקסל,לא כולל,לא כולל,2487,2835,2661.0,"(2023, 6, 8)",https://www.zap.co.il/model.aspx?modelid=1171600,2022
  Lenovo ThinkPad E14 Gen 4 21E300C5IV ,Lenovo,לא רלוונטי,Windows 11 Pro,"1.64 ק""ג",16 GB,4.7Ghz,1255U,דור 12,DDR4,512 GB,SSD,לא כולל,14 אינטש,1920x1080,IPS,60 Hz,ללא,כולל,מצלמת IR,לא כולל,4426,4974,4700.0,"(2023, 6, 8)",https://www.zap.co.il/model.aspx?modelid=1164181,2022
  Lenovo Yoga Slim 7 Carbon 13IAP7 82U9006VIV ,Lenovo,לא רלוונטי,Windows 11 Home,"0.98 ק""ג",16 GB,3.4Ghz,1260P,דור 12,DDR5,1000 GB,SSD,לא כולל,13.3 אינטש,2560x1600,IPS,90 Hz,כולל,1 מגה פיקסל,מצלמת IR,לא כולל,5695,6300,5997.5,"(2023, 6, 8)",https://www.zap.co.il/model.aspx?modelid=1166587,2022
  Lenovo ThinkPad E15 Gen 4 21E60070IV ,Lenovo,לא רלוונטי,ללא,"1.7 ק""ג",16 GB,4.7Ghz,1255U,דור 12,DDR4,512 GB,SSD,לא כולל,15.6 אינטש,1920x1080,IPS,60 Hz,ללא,כולל,מצלמת IR,לא כולל,3839,4479,4159.0,"(2023, 6, 8)",https://www.zap.co.il/model.aspx?modelid=1165466,2022
  Lenovo ThinkPad E14 Gen 4 21E300C4IV ,Lenovo,לא רלוונטי,ללא,"1.64 ק""ג",16 GB,4.7Ghz,1255U,דור 12,DDR4,1000 GB,SSD,לא כולל,14 אינטש,1920x1080,IPS,60 Hz,ללא,כולל,"מצלמת IR, קורא טביעות אצבע",לא כולל,4148,4629,4388.5,"(2023, 6, 8)",https://www.zap.co.il/model.aspx?modelid=1161519,2022
  Lenovo IdeaPad Gaming 3 15IAH7 82S900FJIV ,Lenovo,גיימינג,Windows 11 Home,"2.31 ק""ג",16 GB,3.3Ghz,12450H,דור 12,DDR4,1000 GB,SSD,לא כולל,15.6 אינטש,1920x1080,IPS,לא זמין,ללא,כולל,לא זמין,לא כולל,3939,4717,4328.0,"(2023, 6, 8)",https://www.zap.co.il/model.aspx?modelid=1183088,מ 2023
  Lenovo ThinkPad E14 Gen 4 21E30084IV ,Lenovo,לא רלוונטי,ללא,"1.64 ק""ג",16 GB,3.3Ghz,1235U,דור 12,DDR4,250 GB,SSD,לא כולל,14 אינטש,1920x1080,IPS,60 Hz,ללא,כולל,"מצלמת IR, קורא טביעות אצבע",לא כולל,2948,3303,3125.5,"(2023, 6, 8)",https://www.zap.co.il/model.aspx?modelid=1161882,2022
  Lenovo ThinkPad E15 Gen 4 21E60093IV ,Lenovo,לא רלוונטי,Windows 11 Pro,"1.7 ק""ג",16 GB,3.3Ghz,1235U,דור 12,DDR4,512 GB,SSD,לא כולל,15.6 אינטש,1920x1080,IPS,60 Hz,ללא,כולל,"מצלמת IR, קורא טביעות אצבע",לא כולל,3779,4390,4084.5,"(2023, 6, 8)",https://www.zap.co.il/model.aspx?modelid=1166344,2022
  Lenovo V14 82C4007VIV ,Lenovo,לא רלוונטי,ללא,"1.59 ק""ג",8 GB,1.2Ghz,1005G1,דור 10,DDR4,256 GB,SSD,לא כולל,14 אינטש,1920x1080,לא זמין,60 Hz,ללא,כולל,לא כולל,לא כולל,1109,1999,1554.0,"(2023, 6, 8)",https://www.zap.co.il/model.aspx?modelid=1066287,2020
  Lenovo IdeaPad Gaming 3 15IAH7 82S900GSIV ,Lenovo,גיימינג,Windows 11 Home,"2.31 ק""ג",16 GB,3.5Ghz,12700H,דור 12,DDR4,1000 GB,SSD,לא כולל,15.6 אינטש,2560x1440,LCD,165 Hz,ללא,1 מגה פיקסל,לא כולל,לא כולל,5739,6338,6038.5,"(2023, 6, 8)",https://www.zap.co.il/model.aspx?modelid=1168458,2022
  Lenovo ThinkPad X1 Carbon Gen 10 21CB001GIV ,Lenovo,לא רלוונטי,Windows 11 Pro,"1.12 ק""ג",16 GB,3.4Ghz,1260P,דור 12,DDR5,512 GB,SSD,לא כולל,14 אינטש,1920x1200,IPS,60 Hz,ללא,כולל,"מצלמת IR, קורא טביעות אצבע",לא כולל,7977,9089,8533.0,"(2023, 6, 8)",https://www.zap.co.il/model.aspx?modelid=1166907,2022
  Lenovo Yoga Slim 7 Carbon 13IAP7 82U9006YIV ,Lenovo,לא רלוונטי,Windows 11 Home,"0.98 ק""ג",16 GB,3.4Ghz,1260P,דור 12,DDR5,1000 GB,SSD,לא כולל,13.3 אינטש,2560x1600,IPS,90 Hz,כולל,1 מגה פיקסל,מצלמת IR,לא כולל,5695,6200,5947.5,"(2023, 6, 8)",https://www.zap.co.il/model.aspx?modelid=1168733,2022
  Lenovo Yoga 9 14IAP7 82LU0028IV ,Lenovo,לא רלוונטי,Windows 11 Home,"1.4 ק""ג",16 GB,4.4Ghz,1240P,דור 12,DDR5,512 GB,SSD,לא כולל,14 אינטש,2880X1800,OLED,60 Hz,כולל,כולל,"מצלמת IR, קורא טביעות אצבע",לא כולל,5620,6885,6252.5,"(2023, 6, 8)",https://www.zap.co.il/model.aspx?modelid=1147262,2022
  Lenovo IdeaPad 3 17IAU7 82RL004PIV ,Lenovo,לא רלוונטי,ללא,"2.04 ק""ג",8 GB,3.3Ghz,1235U,דור 12,DDR4,256 GB,SSD,לא כולל,17.3 אינטש,1920x1080,IPS,60 Hz,ללא,1 מגה פיקסל,לא כולל,לא כולל,2428,2879,2653.5,"(2023, 6, 8)",https://www.zap.co.il/model.aspx?modelid=1170504,2022
  Lenovo IdeaPad 3 15IAU7 82RK00CWIV ,Lenovo,לא רלוונטי,ללא,"1.63 ק""ג",8 GB,3.3Ghz,1235U,דור 12,DDR4,256 GB,SSD,לא כולל,15.6 אינטש,1920x1080,LCD,60 Hz,ללא,1 מגה פיקסל,לא כולל,לא כולל,1970,2314,2142.0,"(2023, 6, 8)",https://www.zap.co.il/model.aspx?modelid=1170498,2022
  Lenovo Yoga Slim 9 14IAP7 82T0004FIV ,Lenovo,לא רלוונטי,Windows 11 Pro,"1.37 ק""ג",32 GB,3.6Ghz,1280P,דור 12,DDR5,1000 GB,SSD,לא כולל,14 אינטש,3840x2400,OLED,60 Hz,כולל,כולל,"מצלמת IR, קורא טביעות אצבע",לא כולל,7999,8711,8355.0,"(2023, 6, 8)",https://www.zap.co.il/model.aspx?modelid=1171145,2022
  Lenovo ThinkPad L15 Gen 3 21C3000EIV ,Lenovo,לא רלוונטי,Windows 11 Home,"1.76 ק""ג",16 GB,4.7Ghz,1255U,דור 12,DDR4,512 GB,SSD,לא כולל,15.6 אינטש,1920x1080,IPS,60 Hz,ללא,כולל,"מצלמת IR, קורא טביעות אצבע",לא כולל,4939,5492,5215.5,"(2023, 6, 8)",https://www.zap.co.il/model.aspx?modelid=1161895,2022
  Lenovo IdeaPad 3 15IAU7 82RK00C7IV ,Lenovo,לא רלוונטי,Windows 11 Home,"1.63 ק""ג",8 GB,3.3Ghz,1215U,דור 12,DDR4,256 GB,SSD,לא כולל,15.6 אינטש,1920x1080,LCD,60 Hz,ללא,1 מגה פיקסל,לא כולל,לא כולל,1878,2209,2043.5,"(2023, 6, 8)",https://www.zap.co.il/model.aspx?modelid=1169634,2022
  Lenovo ThinkPad L15 Gen 3 21C3001JIV ,Lenovo,לא רלוונטי,Windows 11 Home,"1.76 ק""ג",16 GB,3.3Ghz,1235U,דור 12,DDR4,512 GB,SSD,לא כולל,15.6 אינטש,1920x1080,IPS,60 Hz,ללא,כולל,מצלמת IR,לא כולל,4879,5169,5024.0,"(2023, 6, 8)",https://www.zap.co.il/model.aspx?modelid=1162859,2022
  Lenovo IdeaPad 3 15IAU7 82RK00D9IV ,Lenovo,לא רלוונטי,Windows 11 Home,"1.63 ק""ג",8 GB,4.7Ghz,1255U,דור 12,DDR4,256 GB,SSD,לא כולל,15.6 אינטש,1920x1080,LCD,60 Hz,ללא,לא כולל,לא כולל,לא כולל,2849,3216,3032.5,"(2023, 6, 8)",https://www.zap.co.il/model.aspx?modelid=1171735,2022
  Lenovo ThinkPad T14s Gen 3 21BR003BIV ,Lenovo,לא רלוונטי,Windows 11 Home,"1.21 ק""ג",16 GB,3.3Ghz,1235U,דור 12,DDR5,256 GB,SSD,לא כולל,14 אינטש,1920x1200,IPS,60 Hz,ללא,כולל,"מצלמת IR, קורא טביעות אצבע",לא כולל,6170,6689,6429.5,"(2023, 6, 8)",https://www.zap.co.il/model.aspx?modelid=1164184,2022
  Lenovo IdeaPad Flex 5 14IRU8 82Y00048IV ,Lenovo,לא רלוונטי,Windows 11 Home,"1.5 ק""ג",16 GB,3.7Ghz,1355U,דור 13,DDR4,512 GB,SSD,לא כולל,14 אינטש,1920x1200,IPS,60 Hz,כולל,כולל,קורא טביעות אצבע,לא כולל,4584,5990,5287.0,"(2023, 6, 8)",https://www.zap.co.il/model.aspx?modelid=1191199,מ 2023
  Lenovo ThinkBook 13s G4 IAP 21AR004DIV ,Lenovo,לא רלוונטי,Windows 11 Pro,"1.23 ק""ג",16 GB,4.4Ghz,1240P,דור 12,DDR5,512 GB,SSD,לא כולל,13.3 אינטש,2560x1600,IPS,60 Hz,ללא,קורא טביעות אצבע,כולל,לא כולל,3790,3990,3890.0,"(2023, 6, 8)",https://www.zap.co.il/model.aspx?modelid=1169361,2022
  Lenovo IdeaPad Flex 5 14IAU7 82R700A4IV ,Lenovo,לא רלוונטי,Windows 11 Pro,"1.5 ק""ג",16 GB,4.7Ghz,1255U,דור 12,DDR4,1000 GB,SSD,לא כולל,14 אינטש,1920x1200,IPS,60 Hz,כולל,קורא טביעות אצבע,כולל,לא כולל,4348,5953,5150.5,"(2023, 6, 8)",https://www.zap.co.il/model.aspx?modelid=1163481,2022
  Lenovo ThinkPad E14 Gen 4 21E30085IV ,Lenovo,לא רלוונטי,ללא,"1.64 ק""ג",16 GB,3.3Ghz,1235U,דור 12,DDR4,512 GB,SSD,לא כולל,14 אינטש,1920x1080,IPS,60 Hz,ללא,"מצלמת IR, קורא טביעות אצבע",כולל,לא כולל,3248,3629,3438.5,"(2023, 6, 8)",https://www.zap.co.il/model.aspx?modelid=1180977,מ 2023
  Lenovo ThinkPad L13 Gen 3 21B3000UIV ,Lenovo,לא רלוונטי,Windows 11 Home,"1.26 ק""ג",16 GB,4.7Ghz,1255U,דור 12,DDR4,512 GB,SSD,לא כולל,13.3 אינטש,1920x1200,IPS,60 Hz,ללא,מצלמת IR,כולל,אופציונלי,4977,5120,5048.5,"(2023, 6, 8)",https://www.zap.co.il/model.aspx?modelid=1163475,2022
  Lenovo ThinkBook 15 G4 IAP 21DJ005SIV ,Lenovo,לא רלוונטי,Windows 11 Pro,"1.7 ק""ג",16 GB,4.7Ghz,1255U,דור 12,DDR4,512 GB,SSD,לא כולל,15.6 אינטש,1920x1080,IPS,60 Hz,ללא,קורא טביעות אצבע,כולל,לא כולל,3949,4379,4164.0,"(2023, 6, 8)",https://www.zap.co.il/model.aspx?modelid=1165586,2022
  Lenovo Yoga 9 14IRP8 83B10037IV ,Lenovo,לא רלוונטי,Windows 11 Home,"1.4 ק""ג",16 GB,3.7Ghz,1360P,דור 13,DDR5,1000 GB,SSD,לא כולל,14 אינטש,2880X1800,OLED,90 Hz,כולל,"מצלמת IR, קורא טביעות אצבע",כולל,לא כולל,7645,8390,8017.5,"(2023, 6, 8)",https://www.zap.co.il/model.aspx?modelid=1185901,מ 2023
  Lenovo Legion 5 Pro 16IAH7H 82RF0075IV ,Lenovo,גיימינג,Windows 11 Home,"2.49 ק""ג",16 GB,3.3Ghz,12500H,דור 12,DDR5,512 GB,SSD,לא כולל,16 אינטש,2560x1600,IPS,165 Hz,ללא,לא כולל,1 מגה פיקסל,לא כולל,6199,6957,6578.0,"(2023, 6, 8)",https://www.zap.co.il/model.aspx?modelid=1168639,2022
  Lenovo ThinkPad L15 Gen 3 21C3001DIV ,Lenovo,לא רלוונטי,Windows 11 Home,"1.76 ק""ג",16 GB,3.3Ghz,1235U,דור 12,DDR4,512 GB,SSD,לא כולל,15.6 אינטש,1920x1080,IPS,60 Hz,ללא,מצלמת IR,כולל,לא כולל,4438,4690,4564.0,"(2023, 6, 8)",https://www.zap.co.il/model.aspx?modelid=1163480,2022
  Lenovo ThinkBook 16p G2 ACH 20YM002WIV ,Lenovo,לא רלוונטי,Windows 11 Pro,"1.99 ק""ג",16 GB,2Ghz,5600U,דור 4,DDR4,512 GB,SSD,לא כולל,16 אינטש,2560x1600,IPS,60 Hz,ללא,קורא טביעות אצבע,כולל,לא כולל,4431,6258,5344.5,"(2023, 6, 8)",https://www.zap.co.il/model.aspx?modelid=1161885,2022
  Lenovo ThinkPad L15 Gen 3 21C30026IV ,Lenovo,לא רלוונטי,Windows 11 Home,"2.22 ק""ג",8 GB,3.3Ghz,1235U,דור 12,DDR4,256 GB,SSD,לא כולל,15.6 אינטש,1920x1080,IPS,60 Hz,ללא,כולל,"מצלמת IR, קורא טביעות אצבע",לא כולל,4269,4499,4384.0,"(2023, 6, 8)",https://www.zap.co.il/model.aspx?modelid=1163692,2022
  Lenovo Yoga Slim 7 Carbon 13IAP7 82U9006XIV ,Lenovo,לא רלוונטי,Windows 11 Pro,"0.98 ק""ג",16 GB,3.4Ghz,1260P,דור 12,DDR5,1000 GB,SSD,לא כולל,13.3 אינטש,2560x1600,IPS,90 Hz,כולל,1 מגה פיקסל,מצלמת IR,לא כולל,5877,6250,6063.5,"(2023, 6, 8)",https://www.zap.co.il/model.aspx?modelid=1168737,2022
  Lenovo ThinkBook 16p G2 ACH 20YM002UIV ,Lenovo,לא רלוונטי,Windows 11 Pro,"1.99 ק""ג",16 GB,3.2Ghz,5800H,דור 4,DDR4,512 GB,SSD,לא כולל,16 אינטש,2560x1600,IPS,60 Hz,ללא,כולל,קורא טביעות אצבע,לא כולל,4789,5969,5379.0,"(2023, 6, 8)",https://www.zap.co.il/model.aspx?modelid=1155118,2022
  Lenovo ThinkPad X1 Carbon Gen 10 21CB001DIV ,Lenovo,לא רלוונטי,Windows 11 Pro,"1.12 ק""ג",16 GB,4.4Ghz,1240P,דור 12,DDR5,256 GB,SSD,לא כולל,14 אינטש,1920x1200,IPS,60 Hz,ללא,כולל,"מצלמת IR, קורא טביעות אצבע",לא כולל,6943,7544,7243.5,"(2023, 6, 8)",https://www.zap.co.il/model.aspx?modelid=1163709,2022
  Lenovo Yoga 7 14IAL7 82QE008QIV ,Lenovo,לא רלוונטי,Windows 11 Home,"1.42 ק""ג",16 GB,3.3Ghz,1240P,דור 12,DDR5,1000 GB,SSD,לא כולל,14 אינטש,2880X1800,OLED,90 Hz,כולל,כולל,מצלמת IR,לא כולל,4932,5339,5135.5,"(2023, 6, 8)",https://www.zap.co.il/model.aspx?modelid=1167794,2022
  Lenovo IdeaPad Flex 5 16IAU7 82R8005QIV ,Lenovo,לא רלוונטי,Windows 11 Home,"2.1 ק""ג",16 GB,3.3Ghz,1235U,דור 12,DDR4,1000 GB,SSD,לא כולל,16 אינטש,1920x1200,IPS,60 Hz,כולל,כולל,קורא טביעות אצבע,לא כולל,3771,4516,4143.5,"(2023, 6, 8)",https://www.zap.co.il/model.aspx?modelid=1166361,2022
  Lenovo IdeaPad 3 15IAU7 82RK00CPIV ,Lenovo,לא רלוונטי,Windows 11 Home,"1.63 ק""ג",8 GB,3.3Ghz,1215U,דור 12,DDR4,256 GB,SSD,לא כולל,15.6 אינטש,1920x1080,LCD,60 Hz,ללא,1 מגה פיקסל,לא כולל,לא כולל,1878,2156,2017.0,"(2023, 6, 8)",https://www.zap.co.il/model.aspx?modelid=1170502,2022
  Lenovo Yoga 9 14IRP8 83B10036IV ,Lenovo,לא רלוונטי,Windows 11 Home,"1.4 ק""ג",16 GB,5Ghz,1360P,דור 13,DDR5,512 GB,SSD,לא כולל,14 אינטש,2880X1800,OLED,90 Hz,כולל,כולל,"מצלמת IR, קורא טביעות אצבע",לא כולל,7456,8049,7752.5,"(2023, 6, 8)",https://www.zap.co.il/model.aspx?modelid=1183094,מ 2023
  Lenovo ThinkPad P14s Gen 3 21AK000CIV ,Lenovo,לא רלוונטי,Windows 11 Pro,"1.24 ק""ג",16 GB,3.4Ghz,1260P,דור 12,DDR4,512 GB,SSD,לא כולל,14 אינטש,1920x1200,IPS,60 Hz,ללא,כולל,מצלמת IR,לא כולל,6557,7279,6918.0,"(2023, 6, 8)",https://www.zap.co.il/model.aspx?modelid=1167002,2022
  Lenovo ThinkBook 15 G4 IAP 21DJ00GGIV ,Lenovo,לא רלוונטי,ללא,"1.7 ק""ג",16 GB,4.7Ghz,1255U,דור 12,DDR4,512 GB,SSD,לא כולל,15.6 אינטש,1920x1080,IPS,60 Hz,ללא,כולל,קורא טביעות אצבע,לא כולל,3323,3879,3601.0,"(2023, 6, 8)",https://www.zap.co.il/model.aspx?modelid=1167311,2022
  Lenovo ThinkPad L14 Gen 3 21C1002KIV ,Lenovo,לא רלוונטי,Windows 11 Home,"1.39 ק""ג",16 GB,4.7Ghz,1255U,דור 12,DDR4,1000 GB,SSD,לא כולל,14 אינטש,1920x1080,IPS,60 Hz,ללא,כולל,"מצלמת IR, קורא טביעות אצבע",לא כולל,5487,5994,5740.5,"(2023, 6, 8)",https://www.zap.co.il/model.aspx?modelid=1161898,2022
  Lenovo IdeaPad 3 17IAU7 82RL004RIV ,Lenovo,לא רלוונטי,ללא,"2.04 ק""ג",8 GB,3.3Ghz,1235U,דור 12,DDR4,512 GB,SSD,לא כולל,17.3 אינטש,1920x1080,IPS,60 Hz,ללא,1 מגה פיקסל,קורא טביעות אצבע,לא כולל,2593,2897,2745.0,"(2023, 6, 8)",https://www.zap.co.il/model.aspx?modelid=1171602,2022
  Lenovo Yoga 9 14IRP8 83B1003CIV ,Lenovo,לא רלוונטי,Windows 11 Home,"1.4 ק""ג",16 GB,3.7Ghz,1360P,דור 13,DDR5,1000 GB,SSD,לא כולל,14 אינטש,3840x2400,OLED,60 Hz,כולל,כולל,מצלמת IR,לא כולל,8227,8670,8448.5,"(2023, 6, 8)",https://www.zap.co.il/model.aspx?modelid=1185902,מ 2023
  Lenovo IdeaPad 3 15IAU7 82RK00DAIV ,Lenovo,לא רלוונטי,ללא,"1.63 ק""ג",8 GB,4.7Ghz,1255U,דור 12,DDR4,512 GB,SSD,לא כולל,15.6 אינטש,1920x1080,LCD,60 Hz,ללא,1 מגה פיקסל,לא כולל,לא כולל,2479,3290,2884.5,"(2023, 6, 8)",https://www.zap.co.il/model.aspx?modelid=1171601,2022
  Lenovo IdeaPad Flex 5 14IRU8 82Y00045IV ,Lenovo,לא רלוונטי,Windows 11 Home,"1.5 ק""ג",16 GB,3.4Ghz,1335U,דור 13,DDR4,512 GB,SSD,לא כולל,14 אינטש,1920x1200,IPS,60 Hz,כולל,כולל,קורא טביעות אצבע,לא כולל,3897,4690,4293.5,"(2023, 6, 8)",https://www.zap.co.il/model.aspx?modelid=1191378,מ 2023
  Lenovo ThinkPad T14 Gen 3 21AH00ERIV ,Lenovo,לא רלוונטי,Windows 11 Pro,"1.32 ק""ג",16 GB,4.4Ghz,1240P,דור 12,DDR4,512 GB,SSD,לא כולל,14 אינטש,1920x1200,IPS,60 Hz,ללא,כולל,"מצלמת IR, קורא טביעות אצבע",לא כולל,6338,6949,6643.5,"(2023, 6, 8)",https://www.zap.co.il/model.aspx?modelid=1163695,2022
  Lenovo V15 ADA 82C7008TIV ,Lenovo,לא רלוונטי,ללא,"1.85 ק""ג",4 GB,1.2Ghz,3020e,לא זמין,DDR4,256 GB,SSD,לא כולל,15.6 אינטש,1366x768,LCD,60 Hz,ללא,לא זמין,לא כולל,לא כולל,983,1388,1185.5,"(2023, 6, 8)",https://www.zap.co.il/model.aspx?modelid=1132725,2021
  Lenovo IdeaPad 3 15IAU7 82RK00D8IV ,Lenovo,לא רלוונטי,ללא,"1.63 ק""ג",8 GB,4.7Ghz,1255U,דור 12,DDR4,256 GB,SSD,לא כולל,15.6 אינטש,1920x1080,LCD,60 Hz,ללא,1 מגה פיקסל,לא כולל,לא כולל,2378,2845,2611.5,"(2023, 6, 8)",https://www.zap.co.il/model.aspx?modelid=1171583,2022
  Lenovo ThinkBook 15 G4 IAP 21DJ0064IV ,Lenovo,לא רלוונטי,ללא,"1.7 ק""ג",8 GB,3.3Ghz,1235U,דור 12,DDR4,512 GB,SSD,לא כולל,15.6 אינטש,1920x1080,IPS,60 Hz,ללא,כולל,קורא טביעות אצבע,לא כולל,2783,3397,3090.0,"(2023, 6, 8)",https://www.zap.co.il/model.aspx?modelid=1161883,2022
  Lenovo IdeaPad 3 15IAU7 82RK00DEIV ,Lenovo,לא רלוונטי,ללא,"1.63 ק""ג",16 GB,4.7Ghz,1255U,דור 12,DDR4,512 GB,SSD,לא כולל,15.6 אינטש,1920x1080,LCD,60 Hz,ללא,1 מגה פיקסל,לא כולל,לא כולל,2799,3262,3030.5,"(2023, 6, 8)",https://www.zap.co.il/model.aspx?modelid=1171606,2022
  Lenovo Yoga 9 14IRP8 83B10038IV ,Lenovo,לא רלוונטי,Windows 11 Home,"1.4 ק""ג",16 GB,3.7Ghz,1360P,דור 13,DDR5,1000 GB,SSD,לא כולל,14 אינטש,2880X1800,OLED,90 Hz,כולל,כולל,"מצלמת IR, קורא טביעות אצבע",לא כולל,7649,8390,8019.5,"(2023, 6, 8)",https://www.zap.co.il/model.aspx?modelid=1181697,מ 2023
  Lenovo IdeaPad Flex 5 16IAU7 82R8005UIV ,Lenovo,לא רלוונטי,Windows 11 Home,"2.1 ק""ג",16 GB,4.7Ghz,1255U,דור 12,DDR4,1000 GB,SSD,לא כולל,16 אינטש,1920x1200,IPS,60 Hz,כולל,כולל,קורא טביעות אצבע,לא כולל,4258,5138,4698.0,"(2023, 6, 8)",https://www.zap.co.il/model.aspx?modelid=1164192,2022
  Lenovo IdeaPad Yoga 7 14IAL7 82QE008CIV ,Lenovo,לא רלוונטי,Windows 11 Home,"1.45 ק""ג",8 GB,3.3Ghz,1235U,דור 12,DDR5,512 GB,SSD,לא כולל,14 אינטש,2240x1400,IPS,60 Hz,כולל,כולל,מצלמת IR,לא כולל,4265,4967,4616.0,"(2023, 6, 8)",https://www.zap.co.il/model.aspx?modelid=1158339,2022
  Lenovo Yoga Slim 7 ProX 14IAH7 82TK008WIV ,Lenovo,לא רלוונטי,Windows 11 Pro,"1.45 ק""ג",32 GB,3.5Ghz,12700H,דור 12,DDR5,1000 GB,SSD,לא כולל,14.5 אינטש,3072x1920,IPS,120 Hz,כולל,כולל,מצלמת IR,לא כולל,7389,8000,7694.5,"(2023, 6, 8)",https://www.zap.co.il/model.aspx?modelid=1170159,2022
  Lenovo ThinkPad L13 Gen 3 21B30018IV ,Lenovo,לא רלוונטי,Windows 11 Pro,"1.26 ק""ג",8 GB,3.3Ghz,1235U,דור 12,DDR4,512 GB,SSD,לא כולל,13.3 אינטש,1920x1200,IPS,60 Hz,ללא,כולל,מצלמת IR,לא כולל,3990,4390,4190.0,"(2023, 6, 8)",https://www.zap.co.il/model.aspx?modelid=1167127,2022
  Lenovo IdeaPad 3 17IAU7 82RL004KIV ,Lenovo,לא רלוונטי,ללא,"2.04 ק""ג",8 GB,3.3Ghz,1215U,דור 12,DDR4,256 GB,SSD,לא כולל,17.3 אינטש,1600x900,LCD,60 Hz,ללא,1 מגה פיקסל,לא כולל,לא כולל,1801,2099,1950.0,"(2023, 6, 8)",https://www.zap.co.il/model.aspx?modelid=1171579,2022
  Lenovo IdeaPad Flex 5 14IAU7 82R700A1IV ,Lenovo,לא רלוונטי,Windows 11 Home,"1.5 ק""ג",16 GB,4.7Ghz,1255U,דור 12,DDR4,1000 GB,SSD,לא כולל,14 אינטש,1920x1200,IPS,60 Hz,כולל,כולל,קורא טביעות אצבע,לא כולל,4138,5740,4939.0,"(2023, 6, 8)",https://www.zap.co.il/model.aspx?modelid=1164200,2022
  Lenovo IdeaPad Yoga 9 14IAP7 82LU002NIV ,Lenovo,לא רלוונטי,Windows 11 Pro,"1.4 ק""ג",16 GB,4.4Ghz,1240P,דור 12,DDR5,512 GB,SSD,לא כולל,14 אינטש,2880X1800,OLED,60 Hz,כולל,כולל,"מצלמת IR, קורא טביעות אצבע",לא כולל,5783,7058,6420.5,"(2023, 6, 8)",https://www.zap.co.il/model.aspx?modelid=1147026,2022
  Lenovo ThinkBook 16p G2 ACH 20YM002VIV ,Lenovo,לא רלוונטי,Windows 11 Pro,"1.99 ק""ג",32 GB,4.6Ghz,5900HX,דור 4,DDR4,1000 GB,SSD,לא כולל,16 אינטש,2560x1600,IPS,60 Hz,ללא,כולל,קורא טביעות אצבע,לא כולל,6563,7444,7003.5,"(2023, 6, 8)",https://www.zap.co.il/model.aspx?modelid=1155119,2022
  Lenovo Yoga Slim 7 ProX 14IAH7 82TK008UIV ,Lenovo,לא רלוונטי,Windows 11 Home,"1.45 ק""ג",32 GB,3.5Ghz,12700H,דור 12,DDR5,1000 GB,SSD,לא כולל,14.5 אינטש,3072x1920,IPS,120 Hz,כולל,כולל,מצלמת IR,לא כולל,7202,9190,8196.0,"(2023, 6, 8)",https://www.zap.co.il/model.aspx?modelid=1170158,2022
  Lenovo ThinkPad E15 Gen 4 21E6006TIV ,Lenovo,לא רלוונטי,ללא,"1.7 ק""ג",16 GB,3.3Ghz,1235U,דור 12,DDR4,256 GB,SSD,לא כולל,15.6 אינטש,1920x1080,IPS,60 Hz,ללא,כולל,מצלמת IR,לא כולל,3073,3290,3181.5,"(2023, 6, 8)",https://www.zap.co.il/model.aspx?modelid=1171942,2022
  Lenovo IdeaPad Flex 5 14IAU7 82R7009LIV ,Lenovo,לא רלוונטי,Windows 11 Home,"1.5 ק""ג",8 GB,3.3Ghz,1235U,דור 12,DDR4,512 GB,SSD,לא כולל,14 אינטש,1920x1200,IPS,60 Hz,כולל,כולל,קורא טביעות אצבע,לא כולל,3227,3604,3415.5,"(2023, 6, 8)",https://www.zap.co.il/model.aspx?modelid=1172322,2022
  Lenovo IdeaPad 3 15IAU7 82RK00CCIV ,Lenovo,לא רלוונטי,ללא,"1.63 ק""ג",8 GB,3.3Ghz,1235U,דור 12,DDR4,512 GB,SSD,לא כולל,15.6 אינטש,1920x1080,LCD,60 Hz,ללא,1 מגה פיקסל,לא כולל,לא כולל,2103,2553,2328.0,"(2023, 6, 8)",https://www.zap.co.il/model.aspx?modelid=1171905,2022
  Lenovo Legion 5 15IAH7 82RC0058IV ,Lenovo,גיימינג,Windows 11 Home,"2.35 ק""ג",16 GB,3.3Ghz,12500H,דור 12,DDR5,1000 GB,SSD,לא כולל,15.6 אינטש,2560x1440,IPS,165 Hz,ללא,כולל,לא כולל,לא כולל,5416,7391,6403.5,"(2023, 6, 8)",https://www.zap.co.il/model.aspx?modelid=1165579,2022
  Lenovo ThinkPad P14s Gen 3 21AK000KIV ,Lenovo,לא רלוונטי,Windows 11 Pro,"1.24 ק""ג",32 GB,3.4Ghz,1260P,דור 12,DDR4,1000 GB,SSD,לא כולל,14 אינטש,1920x1200,IPS,60 Hz,ללא,כולל,"מצלמת IR, קורא טביעות אצבע",לא כולל,7539,8519,8029.0,"(2023, 6, 8)",https://www.zap.co.il/model.aspx?modelid=1167023,2022
  Lenovo IdeaPad Gaming 3 15IAH7 82S900GQIV ,Lenovo,גיימינג,ללא,"2.31 ק""ג",16 GB,3.5Ghz,12700H,דור 12,DDR4,1000 GB,SSD,לא כולל,15.6 אינטש,2560x1440,IPS,165 Hz,ללא,1 מגה פיקסל,לא כולל,לא כולל,5549,6201,5875.0,"(2023, 6, 8)",https://www.zap.co.il/model.aspx?modelid=1173874,2022
  Lenovo IdeaPad Yoga 9 14IAP7 82LU0022IV ,Lenovo,לא רלוונטי,Windows 11 Pro,"1.4 ק""ג",16 GB,3.4Ghz,1260P,דור 12,DDR5,1000 GB,SSD,לא כולל,14 אינטש,2880X1800,OLED,60 Hz,כולל,כולל,"מצלמת IR, קורא טביעות אצבע",לא כולל,6574,6740,6657.0,"(2023, 6, 8)",https://www.zap.co.il/model.aspx?modelid=1146938,2022
  Lenovo ThinkPad X1 Titanium Yoga Gen 1 20QA001NIV ,Lenovo,לא רלוונטי,Windows 10 PRO,"1.18 ק""ג",16 GB,4Ghz,1130G7,דור 11,DDR4,512 GB,SSD,לא כולל,13.5 אינטש,2256x1504,IPS,60 Hz,כולל,1 מגה פיקסל,מצלמת IR,לא כולל,6350,9750,8050.0,"(2023, 6, 8)",https://www.zap.co.il/model.aspx?modelid=1111688,2021
  Lenovo ThinkPad E14 Gen 4 21E300CDIV ,Lenovo,לא רלוונטי,Windows 11 Pro,"1.64 ק""ג",16 GB,3.3Ghz,1235U,דור 12,DDR4,512 GB,SSD,לא כולל,14 אינטש,1920x1080,IPS,60 Hz,ללא,כולל,מצלמת IR,לא כולל,3999,4888,4443.5,"(2023, 6, 8)",https://www.zap.co.il/model.aspx?modelid=1167314,2022
  Lenovo IdeaPad 3 15ITL6 82H800CSIV ,Lenovo,לא רלוונטי,ללא,"1.65 ק""ג",8 GB,3Ghz,1115G4,דור 11,DDR4,256 GB,SSD,לא כולל,15.6 אינטש,1920x1080,LCD,60 Hz,ללא,1 מגה פיקסל,לא כולל,לא כולל,1330,1699,1514.5,"(2023, 6, 8)",https://www.zap.co.il/model.aspx?modelid=1110514,2021
  Lenovo IdeaPad 3 15IAU7 82RK00CSIV ,Lenovo,לא רלוונטי,ללא,"1.63 ק""ג",8 GB,3.3Ghz,1215U,דור 12,DDR4,512 GB,SSD,לא כולל,15.6 אינטש,1920x1080,לא זמין,60 Hz,ללא,כולל,לא זמין,לא כולל,1650,2026,1838.0,"(2023, 6, 8)",https://www.zap.co.il/model.aspx?modelid=1182955,מ 2023
  Lenovo ThinkBook 14 G4 IAP 21DH006TIV ,Lenovo,לא רלוונטי,Windows 11 Pro,"1.4 ק""ג",8 GB,3.3Ghz,1235U,דור 12,DDR4,256 GB,SSD,לא כולל,14 אינטש,1920x1080,IPS,60 Hz,ללא,כולל,קורא טביעות אצבע,לא כולל,3175,3609,3392.0,"(2023, 6, 8)",https://www.zap.co.il/model.aspx?modelid=1164175,2022
  Lenovo ThinkPad P16s Gen 1 21BT000GIV ,Lenovo,לא רלוונטי,Windows 11 Home,"1.67 ק""ג",16 GB,3.4Ghz,1260P,דור 12,DDR4,1000 GB,SSD,לא כולל,16 אינטש,1920x1200,IPS,60 Hz,ללא,כולל,"מצלמת IR, קורא טביעות אצבע",לא כולל,7089,8168,7628.5,"(2023, 6, 8)",https://www.zap.co.il/model.aspx?modelid=1163913,2022
  Lenovo Yoga Slim 7 Pro14ACH5OD 82NK0031IV ,Lenovo,לא רלוונטי,Windows 11 Home,"1.4 ק""ג",16 GB,4.6Ghz,5900HS,דור 4,DDR4,1000 GB,SSD,לא כולל,14 אינטש,2880X1800,OLED,90 Hz,ללא,1 מגה פיקסל,מצלמת IR,לא כולל,4700,5999,5349.5,"(2023, 6, 8)",https://www.zap.co.il/model.aspx?modelid=1146603,2022
  Lenovo ThinkPad L13 Gen 3 21B30011IV ,Lenovo,לא רלוונטי,Windows 11 Home,"1.26 ק""ג",16 GB,3.3Ghz,1235U,דור 12,DDR4,512 GB,SSD,לא כולל,13.3 אינטש,1920x1200,IPS,60 Hz,ללא,כולל,מצלמת IR,לא כולל,4648,5120,4884.0,"(2023, 6, 8)",https://www.zap.co.il/model.aspx?modelid=1163693,2022
  Lenovo Legion 5 Pro 16IAH7H 82RF007CIV ,Lenovo,גיימינג,Windows 11 Home,"2.49 ק""ג",16 GB,3.5Ghz,12700H,דור 12,DDR5,1000 GB,SSD,לא כולל,16 אינטש,2560x1600,IPS,165 Hz,ללא,1 מגה פיקסל,לא כולל,לא כולל,6939,9255,8097.0,"(2023, 6, 8)",https://www.zap.co.il/model.aspx?modelid=1170570,2022
  Lenovo IdeaPad Flex 5 16IAU7 82R8005KIV ,Lenovo,לא רלוונטי,Windows 11 Home,"2.1 ק""ג",8 GB,3.3Ghz,1235U,דור 12,DDR4,512 GB,SSD,לא כולל,16 אינטש,1920x1200,IPS,60 Hz,כולל,כולל,קורא טביעות אצבע,לא כולל,3319,4140,3729.5,"(2023, 6, 8)",https://www.zap.co.il/model.aspx?modelid=1167679,2022
  Lenovo IdeaPad 1 15IGL7 82V7007JIV ,Lenovo,לא רלוונטי,Windows 11 Home,"1.54 ק""ג",4 GB,1.1Ghz,N4120,דור 4,DDR4,128 GB,eMMC,לא כולל,15.6 אינטש,1920x1080,LCD,60 Hz,ללא,1 מגה פיקסל,לא כולל,לא כולל,1106,1383,1244.5,"(2023, 6, 8)",https://www.zap.co.il/model.aspx?modelid=1184619,מ 2023
  Lenovo ThinkPad P16s Gen 1 21BT000VIV ,Lenovo,לא רלוונטי,Windows 11 Home,"1.67 ק""ג",32 GB,3.4Ghz,1260P,דור 12,DDR4,1000 GB,SSD,לא כולל,16 אינטש,2560x1600,IPS,60 Hz,ללא,כולל,"מצלמת IR, קורא טביעות אצבע",לא כולל,7714,8929,8321.5,"(2023, 6, 8)",https://www.zap.co.il/model.aspx?modelid=1163697,2022
  Lenovo ThinkPad E15 Gen 4 21E60097IV ,Lenovo,לא רלוונטי,ללא,"1.7 ק""ג",16 GB,3.3Ghz,1235U,דור 12,DDR4,1000 GB,SSD,לא כולל,15.6 אינטש,1920x1080,IPS,60 Hz,ללא,כולל,מצלמת IR,לא כולל,4431,4890,4660.5,"(2023, 6, 8)",https://www.zap.co.il/model.aspx?modelid=1165460,2022
  Lenovo IdeaPad Flex 5 14IAU7 82R7009GIV ,Lenovo,לא רלוונטי,Windows 11 Home,"1.5 ק""ג",8 GB,3.3Ghz,1235U,דור 12,DDR4,256 GB,SSD,לא כולל,14 אינטש,1920x1200,IPS,60 Hz,כולל,כולל,קורא טביעות אצבע,לא כולל,3068,3940,3504.0,"(2023, 6, 8)",https://www.zap.co.il/model.aspx?modelid=1167373,2022
  Lenovo IdeaPad Gaming 3 15IAH7 82S900GLIV ,Lenovo,גיימינג,ללא,"2.31 ק""ג",16 GB,3.5Ghz,12700H,דור 12,DDR4,512 GB,SSD,לא כולל,15.6 אינטש,2560x1440,IPS,165 Hz,ללא,1 מגה פיקסל,לא כולל,לא כולל,5248,5610,5429.0,"(2023, 6, 8)",https://www.zap.co.il/model.aspx?modelid=1184624,מ 2023
  Lenovo ThinkBook 13s G4 IAP 21AR004GIV ,Lenovo,לא רלוונטי,Windows 11 Pro,"1.23 ק""ג",16 GB,3.4Ghz,1260P,דור 12,DDR5,512 GB,SSD,לא כולל,13.3 אינטש,2560x1600,IPS,60 Hz,ללא,כולל,קורא טביעות אצבע,לא כולל,4357,4534,4445.5,"(2023, 6, 8)",https://www.zap.co.il/model.aspx?modelid=1175982,2022
  Lenovo ThinkBook 14 G4 IAP 21DH006XIV ,Lenovo,לא רלוונטי,Windows 11 Pro,"1.4 ק""ג",16 GB,3.3Ghz,1235U,דור 12,DDR4,512 GB,SSD,לא כולל,14 אינטש,1920x1080,IPS,60 Hz,ללא,כולל,קורא טביעות אצבע,לא כולל,3580,3902,3741.0,"(2023, 6, 8)",https://www.zap.co.il/model.aspx?modelid=1164197,2022
  Lenovo Yoga Slim 7 Carbon 13IAP7 82U9006WIV ,Lenovo,לא רלוונטי,Windows 11 Home,"0.98 ק""ג",16 GB,3.4Ghz,1260P,דור 12,DDR5,1000 GB,SSD,לא כולל,13.3 אינטש,2560x1600,IPS,90 Hz,כולל,1 מגה פיקסל,מצלמת IR,לא כולל,5694,6595,6144.5,"(2023, 6, 8)",https://www.zap.co.il/model.aspx?modelid=1170155,2022
  Lenovo ThinkPad L15 Gen 3 21C3000MIV ,Lenovo,לא רלוונטי,Windows 11 Home,"1.76 ק""ג",16 GB,4.7Ghz,1255U,דור 12,DDR4,512 GB,SSD,לא כולל,15.6 אינטש,1920x1080,IPS,60 Hz,ללא,כולל,מצלמת IR,לא כולל,5229,5448,5338.5,"(2023, 6, 8)",https://www.zap.co.il/model.aspx?modelid=1161896,2022
  Lenovo V14 IIL 82C400UPIV ,Lenovo,לא רלוונטי,ללא,"1.6 ק""ג",4 GB,1.2Ghz,1005G1,דור 10,לא זמין,256 GB,SSD,לא כולל,14 אינטש,1920x1080,LCD,60 Hz,ללא,כולל,לא כולל,לא כולל,1044,1899,1471.5,"(2023, 6, 8)",https://www.zap.co.il/model.aspx?modelid=1181453,מ 2023
  Lenovo ThinkPad P1 Gen 5 21DC000DIV ,Lenovo,לא רלוונטי,Windows 11 Pro,"1.81 ק""ג",16 GB,3.5Ghz,12700H,דור 12,DDR5,512 GB,SSD,לא כולל,16 אינטש,1920x1200,IPS,60 Hz,ללא,כולל,"מצלמת IR, קורא טביעות אצבע",לא כולל,9349,10549,9949.0,"(2023, 6, 8)",https://www.zap.co.il/model.aspx?modelid=1166380,2022
  Lenovo ThinkPad L14 Gen 3 21C1002LIV ,Lenovo,לא רלוונטי,Windows 11 Home,"1.39 ק""ג",16 GB,4.7Ghz,1255U,דור 12,DDR4,512 GB,SSD,לא כולל,14 אינטש,1920x1080,IPS,60 Hz,ללא,כולל,"מצלמת IR, קורא טביעות אצבע",לא כולל,5275,5830,5552.5,"(2023, 6, 8)",https://www.zap.co.il/model.aspx?modelid=1161897,2022
  Lenovo ThinkPad T14 Gen 3 21AH00EGIV ,Lenovo,לא רלוונטי,Windows 11 Pro,"1.32 ק""ג",16 GB,3.4Ghz,1260P,דור 12,DDR4,512 GB,SSD,לא כולל,14 אינטש,1920x1200,IPS,60 Hz,ללא,כולל,"מצלמת IR, קורא טביעות אצבע",לא כולל,6480,7349,6914.5,"(2023, 6, 8)",https://www.zap.co.il/model.aspx?modelid=1163177,2022
  Lenovo Yoga Slim 9 14IAP7 82T0004DIV ,Lenovo,לא רלוונטי,Windows 11 Home,"1.37 ק""ג",32 GB,3.6Ghz,1280P,דור 12,DDR5,1000 GB,SSD,לא כולל,14 אינטש,2880X1800,OLED,90 Hz,כולל,כולל,"מצלמת IR, קורא טביעות אצבע",לא כולל,7492,8081,7786.5,"(2023, 6, 8)",https://www.zap.co.il/model.aspx?modelid=1171732,2022
  Lenovo ThinkPad T14 Gen 3 21AH00E1IV ,Lenovo,לא רלוונטי,Windows 11 Pro,"1.32 ק""ג",16 GB,3.4Ghz,1260P,דור 12,DDR4,512 GB,SSD,לא כולל,14 אינטש,1920x1200,IPS,60 Hz,כולל,כולל,מצלמת IR,לא כולל,6861,7290,7075.5,"(2023, 6, 8)",https://www.zap.co.il/model.aspx?modelid=1163910,2022
  Lenovo Yoga 9 14IRP8 83B1003GIV ,Lenovo,לא רלוונטי,Windows 11 Pro,"1.4 ק""ג",16 GB,3.7Ghz,1360P,דור 13,DDR5,1000 GB,SSD,לא כולל,14 אינטש,2880X1800,OLED,90 Hz,כולל,כולל,"מצלמת IR, קורא טביעות אצבע",לא כולל,7939,8590,8264.5,"(2023, 6, 8)",https://www.zap.co.il/model.aspx?modelid=1183095,מ 2023
  Lenovo IdeaPad Yoga 7 14IAL7 82QE008NIV ,Lenovo,לא רלוונטי,Windows 11 Home,"1.45 ק""ג",16 GB,4.4Ghz,1240P,דור 12,DDR5,512 GB,SSD,לא כולל,14 אינטש,2880X1800,OLED,90 Hz,כולל,כולל,מצלמת IR,לא כולל,4682,6433,5557.5,"(2023, 6, 8)",https://www.zap.co.il/model.aspx?modelid=1162861,2022
  Lenovo Legion 5 Pro 16IAH7H 82RF007GIV ,Lenovo,גיימינג,ללא,"2.49 ק""ג",16 GB,3.3Ghz,12500H,דור 12,DDR5,512 GB,SSD,לא כולל,16 אינטש,2560x1600,IPS,165 Hz,ללא,כולל,לא כולל,לא כולל,5886,6212,6049.0,"(2023, 6, 8)",https://www.zap.co.il/model.aspx?modelid=1184625,מ 2023
  Lenovo IdeaPad Gaming 3 15IAH7 82S900FKIV ,Lenovo,גיימינג,ללא,"2.31 ק""ג",16 GB,3.3Ghz,12450H,דור 12,DDR4,1000 GB,SSD,לא כולל,15.6 אינטש,1920x1080,IPS,120 Hz,ללא,1 מגה פיקסל,לא כולל,לא כולל,4147,4399,4273.0,"(2023, 6, 8)",https://www.zap.co.il/model.aspx?modelid=1184622,מ 2023
  Lenovo ThinkPad P14s Gen 3 21AK000HIV ,Lenovo,לא רלוונטי,Windows 11 Pro,"1.24 ק""ג",16 GB,3.4Ghz,1260P,דור 12,DDR4,1000 GB,SSD,לא כולל,14 אינטש,1920x1200,IPS,60 Hz,ללא,כולל,מצלמת IR,לא כולל,6989,7500,7244.5,"(2023, 6, 8)",https://www.zap.co.il/model.aspx?modelid=1167131,2022
  Lenovo IdeaPad 3 15IAU7 82RK00DKIV ,Lenovo,לא רלוונטי,ללא,"1.63 ק""ג",16 GB,4.7Ghz,1255U,דור 12,DDR4,1000 GB,SSD,לא כולל,15.6 אינטש,1920x1080,LCD,60 Hz,ללא,1 מגה פיקסל,לא כולל,לא כולל,3198,3499,3348.5,"(2023, 6, 8)",https://www.zap.co.il/model.aspx?modelid=1171604,2022
  Lenovo Yoga 9 14IAP7 82LU002AIV ,Lenovo,לא רלוונטי,Windows 11 Home,"1.4 ק""ג",16 GB,4.4Ghz,1240P,דור 12,DDR5,1000 GB,SSD,לא כולל,14 אינטש,2880X1800,OLED,60 Hz,כולל,כולל,"מצלמת IR, קורא טביעות אצבע",לא כולל,5931,7288,6609.5,"(2023, 6, 8)",https://www.zap.co.il/model.aspx?modelid=1147266,2022
  Lenovo Legion 5 15IAH7 82RC005PIV ,Lenovo,גיימינג,ללא,"2.35 ק""ג",16 GB,3.5Ghz,12700H,דור 12,DDR5,1000 GB,SSD,לא כולל,15.6 אינטש,2560x1440,IPS,165 Hz,ללא,כולל,לא כולל,לא כולל,5762,7240,6501.0,"(2023, 6, 8)",https://www.zap.co.il/model.aspx?modelid=1165580,2022
  Lenovo Yoga Slim 7 Pro14ACH5OD 82NK0032IV ,Lenovo,לא רלוונטי,Windows 11 Home,"1.4 ק""ג",16 GB,4.6Ghz,5900HS,דור 4,DDR4,512 GB,SSD,לא כולל,14 אינטש,2880X1800,OLED,90 Hz,ללא,1 מגה פיקסל,מצלמת IR,לא כולל,4490,5998,5244.0,"(2023, 6, 8)",https://www.zap.co.il/model.aspx?modelid=1146601,2022
  Lenovo ThinkBook 14 G4 IAP 21DH006WIV ,Lenovo,לא רלוונטי,Windows 11 Pro,"1.4 ק""ג",16 GB,4.7Ghz,1255U,דור 12,DDR4,512 GB,SSD,לא כולל,14 אינטש,1920x1080,IPS,60 Hz,ללא,כולל,קורא טביעות אצבע,לא כולל,4279,4727,4503.0,"(2023, 6, 8)",https://www.zap.co.il/model.aspx?modelid=1164179,2022
  Lenovo Legion 5 Pro 16IAH7H 82RF007JIV ,Lenovo,גיימינג,ללא,"2.49 ק""ג",32 GB,3.8Ghz,12900H,דור 12,DDR5,1000 GB,SSD,לא כולל,16 אינטש,2560x1600,IPS,165 Hz,ללא,1 מגה פיקסל,לא כולל,לא כולל,8999,11498,10248.5,"(2023, 6, 8)",https://www.zap.co.il/model.aspx?modelid=1159267,2022
  Lenovo IdeaPad Gaming 3 15IAH7 82S900GNIV ,Lenovo,גיימינג,ללא,"2.31 ק""ג",16 GB,3.5Ghz,12700H,דור 12,DDR4,1000 GB,SSD,לא כולל,15.6 אינטש,2560x1440,IPS,165 Hz,ללא,1 מגה פיקסל,לא כולל,לא כולל,5549,5905,5727.0,"(2023, 6, 8)",https://www.zap.co.il/model.aspx?modelid=1169788,2022
  Lenovo ThinkPad X1 Nano Gen 2 21E80020IV ,Lenovo,לא רלוונטי,Windows 11 Pro,"0.96 ק""ג",16 GB,3.4Ghz,1260P,דור 12,DDR5,512 GB,SSD,לא כולל,13 אינטש,2160x1350,IPS,60 Hz,ללא,כולל,מצלמת IR,לא כולל,8753,9979,9366.0,"(2023, 6, 8)",https://www.zap.co.il/model.aspx?modelid=1163703,2022
  Lenovo Legion 5 15IAH7 82RC0055IV ,Lenovo,גיימינג,ללא,"2.35 ק""ג",16 GB,3.3Ghz,12500H,דור 12,DDR5,512 GB,SSD,לא כולל,15.6 אינטש,2560x1440,IPS,165 Hz,ללא,כולל,לא כולל,לא כולל,4800,6592,5696.0,"(2023, 6, 8)",https://www.zap.co.il/model.aspx?modelid=1165577,2022
  Lenovo Legion 5 15IAH7 82RC0053IV ,Lenovo,גיימינג,Windows 11 Home,"2.35 ק""ג",16 GB,3.3Ghz,12500H,דור 12,DDR5,512 GB,SSD,לא כולל,15.6 אינטש,2560x1440,IPS,165 Hz,ללא,כולל,לא כולל,לא כולל,5204,7072,6138.0,"(2023, 6, 8)",https://www.zap.co.il/model.aspx?modelid=1165578,2022
  Lenovo ThinkPad X1 Carbon Gen 10 21CB006WIV ,Lenovo,לא רלוונטי,Windows 11 Pro,"1.12 ק""ג",16 GB,4.4Ghz,1240P,דור 12,DDR5,512 GB,SSD,לא כולל,14 אינטש,1920x1200,IPS,60 Hz,כולל,כולל,מצלמת IR,לא כולל,7457,7990,7723.5,"(2023, 6, 8)",https://www.zap.co.il/model.aspx?modelid=1167803,2022
  Lenovo IdeaPad Flex 5 14IAU7 82R7009EIV ,Lenovo,לא רלוונטי,Windows 11 Home,"1.5 ק""ג",8 GB,3.3Ghz,1215U,דור 12,DDR4,512 GB,SSD,לא כולל,14 אינטש,1920x1200,IPS,60 Hz,כולל,כולל,קורא טביעות אצבע,לא כולל,2870,3665,3267.5,"(2023, 6, 8)",https://www.zap.co.il/model.aspx?modelid=1164215,2022
  Lenovo ThinkPad L14 Gen 3 21C1002LIV ,Lenovo,לא רלוונטי,Windows 11 Home,"1.39 ק""ג",16 GB,4.7Ghz,1255U,דור 12,DDR4,512 GB,SSD,לא כולל,14 אינטש,1920x1080,IPS,60 Hz,ללא,כולל,"מצלמת IR, קורא טביעות אצבע",לא כולל,5273,5830,5551.5,"(2023, 6, 8)",https://www.zap.co.il/model.aspx?modelid=1161897,2022
  Lenovo Yoga 7 16IAH7 82UF004HIV ,Lenovo,לא רלוונטי,Windows 11 Home,"2.16 ק""ג",16 GB,3.5Ghz,12700H,דור 12,DDR5,1000 GB,SSD,לא כולל,16 אינטש,2560x1600,IPS,60 Hz,כולל,כולל,מצלמת IR,לא כולל,6313,7890,7101.5,"(2023, 6, 8)",https://www.zap.co.il/model.aspx?modelid=1167500,2022
  Lenovo ThinkPad X13 Gen 3 21BN003LIV ,Lenovo,לא רלוונטי,Windows 11 Pro,"1.29 ק""ג",16 GB,3.3Ghz,1235U,דור 12,DDR5,256 GB,SSD,לא כולל,13.3 אינטש,1920x1200,IPS,60 Hz,ללא,כולל,מצלמת IR,לא כולל,5620,6189,5904.5,"(2023, 6, 8)",https://www.zap.co.il/model.aspx?modelid=1166987,2022
  Lenovo IdeaPad 1 15IJL7 82LX0021IV ,Lenovo,לא רלוונטי,ללא,"1.45 ק""ג",8 GB,1.1Ghz,N6000,דור 6,DDR4,256 GB,SSD,לא כולל,15.6 אינטש,1920x1080,LCD,60 Hz,ללא,1 מגה פיקסל,לא כולל,לא כולל,1327,1599,1463.0,"(2023, 6, 8)",https://www.zap.co.il/model.aspx?modelid=1153367,2022
  Lenovo ThinkPad T14 Gen 3 21AH00EYIV ,Lenovo,לא רלוונטי,Windows 11 Pro,"1.32 ק""ג",16 GB,3.4Ghz,1260P,דור 12,DDR4,512 GB,SSD,לא כולל,14 אינטש,לא זמין,LCD,60 Hz,ללא,כולל,מצלמת IR,לא כולל,7052,7709,7380.5,"(2023, 6, 8)",https://www.zap.co.il/model.aspx?modelid=1162867,2022
  Lenovo IdeaPad 3 17IAU7 82RL004HIV ,Lenovo,לא רלוונטי,ללא,"2.04 ק""ג",8 GB,4.4Ghz,8505,דור 8,DDR4,256 GB,SSD,לא כולל,17.3 אינטש,1600x900,LCD,60 Hz,ללא,1 מגה פיקסל,קורא טביעות אצבע,לא כולל,1569,1833,1701.0,"(2023, 6, 8)",https://www.zap.co.il/model.aspx?modelid=1177632,2022
  Lenovo IdeaPad Yoga 9 14IAP7 82LU0023IV ,Lenovo,לא רלוונטי,Windows 11 Home,"1.4 ק""ג",16 GB,3.4Ghz,1260P,דור 12,DDR5,512 GB,SSD,לא כולל,14 אינטש,3840x2400,OLED,60 Hz,כולל,כולל,"מצלמת IR, קורא טביעות אצבע",לא כולל,6474,7000,6737.0,"(2023, 6, 8)",https://www.zap.co.il/model.aspx?modelid=1146707,2022
  Lenovo IdeaPad 3 15IAU7 82RK00D3IV ,Lenovo,לא רלוונטי,Windows 11 Home,"1.63 ק""ג",8 GB,3.3Ghz,1235U,דור 12,DDR4,512 GB,SSD,לא כולל,15.6 אינטש,1920x1080,LCD,60 Hz,ללא,1 מגה פיקסל,לא כולל,לא כולל,2527,3240,2883.5,"(2023, 6, 8)",https://www.zap.co.il/model.aspx?modelid=1171598,2022
  Lenovo ThinkPad P14s Gen 3 21AK0009IV ,Lenovo,לא רלוונטי,Windows 11 Pro,"1.24 ק""ג",16 GB,3.4Ghz,1260P,דור 12,DDR4,512 GB,SSD,לא כולל,14 אינטש,1920x1200,IPS,60 Hz,ללא,כולל,מצלמת IR,לא כולל,6818,7190,7004.0,"(2023, 6, 8)",https://www.zap.co.il/model.aspx?modelid=1167128,2022
  Lenovo ThinkPad P16s Gen 1 21BT000GIV ,Lenovo,לא רלוונטי,Windows 11 Home,"1.67 ק""ג",16 GB,3.4Ghz,1260P,דור 12,DDR4,1000 GB,SSD,לא כולל,16 אינטש,1920x1200,IPS,60 Hz,ללא,כולל,"מצלמת IR, קורא טביעות אצבע",לא כולל,7088,8168,7628.0,"(2023, 6, 8)",https://www.zap.co.il/model.aspx?modelid=1163913,2022
  Lenovo IdeaPad 3 15ITL6 82H800CTIV ,Lenovo,לא רלוונטי,ללא,"1.65 ק""ג",8 GB,3Ghz,1115G4,דור 11,DDR4,256 GB,SSD,לא כולל,15.6 אינטש,1920x1080,LCD,60 Hz,ללא,1 מגה פיקסל,לא כולל,לא כולל,1370,1760,1565.0,"(2023, 6, 8)",https://www.zap.co.il/model.aspx?modelid=1110147,2021
  Lenovo Yoga 6 13ABR8 83B2003YIV ,Lenovo,לא רלוונטי,Windows 11 Home,"1.39 ק""ג",16 GB,2Ghz,7530U,דור 4,DDR4,512 GB,SSD,לא כולל,13.3 אינטש,1920x1200,IPS,60 Hz,כולל,כולל,"מצלמת IR, קורא טביעות אצבע",לא כולל,4219,4620,4419.5,"(2023, 6, 8)",https://www.zap.co.il/model.aspx?modelid=1189537,מ 2023
  Lenovo ThinkBook 14s Yoga G2 IAP 21DM001GIV ,Lenovo,לא רלוונטי,Windows 11 Pro,"1.5 ק""ג",16 GB,3.3Ghz,1235U,דור 12,DDR4,256 GB,SSD,לא כולל,14 אינטש,1920x1080,IPS,60 Hz,כולל,כולל,קורא טביעות אצבע,לא כולל,4348,5020,4684.0,"(2023, 6, 8)",https://www.zap.co.il/model.aspx?modelid=1170953,2022
  Lenovo Legion 5 Pro 16IAH7H 82RF007JIV ,Lenovo,גיימינג,ללא,"2.49 ק""ג",32 GB,3.8Ghz,12900H,דור 12,DDR5,1000 GB,SSD,לא כולל,16 אינטש,2560x1600,IPS,165 Hz,ללא,1 מגה פיקסל,לא כולל,לא כולל,8999,11498,10248.5,"(2023, 6, 8)",https://www.zap.co.il/model.aspx?modelid=1159267,2022
  Lenovo Yoga Slim 6 14IRP8 82WV0040IV ,Lenovo,לא רלוונטי,Windows 11 Home,"1.32 ק""ג",16 GB,3.4Ghz,1340P,דור 13,DDR5,512 GB,SSD,לא כולל,14 אינטש,2240x1400,IPS,60 Hz,ללא,כולל,מצלמת IR,לא כולל,4689,5199,4944.0,"(2023, 6, 8)",https://www.zap.co.il/model.aspx?modelid=1189249,מ 2023
  Lenovo IdeaPad 1 15IGL7 82V7007PIV ,Lenovo,לא רלוונטי,ללא,"1.54 ק""ג",8 GB,1.1Ghz,N5030,דור 5,DDR4,256 GB,SSD,לא כולל,15.6 אינטש,1920x1080,LCD,60 Hz,ללא,1 מגה פיקסל,לא כולל,לא כולל,1289,1437,1363.0,"(2023, 6, 8)",https://www.zap.co.il/model.aspx?modelid=1184620,מ 2023
  Lenovo IdeaPad Gaming 3 15IAH7 82S900GKIV ,Lenovo,גיימינג,ללא,"2.31 ק""ג",16 GB,4.7Ghz,12700H,דור 12,DDR4,512 GB,SSD,לא כולל,15.6 אינטש,1920x1080,IPS,לא זמין,ללא,כולל,לא זמין,לא כולל,5299,5940,5619.5,"(2023, 6, 8)",https://www.zap.co.il/model.aspx?modelid=1183093,מ 2023
  Lenovo Yoga 9 14IRP8 83B1003FIV ,Lenovo,לא רלוונטי,Windows 11 Pro,"1.4 ק""ג",16 GB,5Ghz,1360P,דור 13,DDR5,1000 GB,SSD,לא כולל,14 אינטש,3840x2400,OLED,60 Hz,כולל,כולל,מצלמת IR,לא כולל,8457,8999,8728.0,"(2023, 6, 8)",https://www.zap.co.il/model.aspx?modelid=1182810,מ 2023
  Lenovo IdeaPad 1 15IGL7 82V7007KIV ,Lenovo,לא רלוונטי,ללא,"1.54 ק""ג",8 GB,1.1Ghz,N4120,דור 4,DDR4,256 GB,SSD,לא כולל,15.6 אינטש,1920x1080,LCD,60 Hz,ללא,1 מגה פיקסל,לא כולל,לא כולל,1087,1280,1183.5,"(2023, 6, 8)",https://www.zap.co.il/model.aspx?modelid=1185899,מ 2023
  Lenovo Yoga 7 16IAH7 82UF004JIV ,Lenovo,לא רלוונטי,Windows 11 Home,"2.16 ק""ג",16 GB,3.5Ghz,12700H,דור 12,DDR5,1000 GB,SSD,לא כולל,16 אינטש,2560x1600,IPS,60 Hz,כולל,כולל,מצלמת IR,לא כולל,6313,6839,6576.0,"(2023, 6, 8)",https://www.zap.co.il/model.aspx?modelid=1168732,2022
  Lenovo Yoga 9 14IRP8 83B10035IV ,Lenovo,לא רלוונטי,Windows 11 Home,"1.4 ק""ג",16 GB,3.7Ghz,1360P,דור 13,DDR5,512 GB,SSD,לא כולל,14 אינטש,2880X1800,OLED,90 Hz,כולל,כולל,מצלמת IR,לא כולל,7314,8509,7911.5,"(2023, 6, 8)",https://www.zap.co.il/model.aspx?modelid=1185832,מ 2023
  Lenovo IdeaPad Flex 5 14IAU7 82R7009NIV ,Lenovo,לא רלוונטי,Windows 11 Home,"1.5 ק""ג",8 GB,3.3Ghz,1235U,דור 12,DDR4,512 GB,SSD,לא כולל,14 אינטש,1920x1200,IPS,60 Hz,כולל,כולל,קורא טביעות אצבע,לא כולל,3327,4140,3733.5,"(2023, 6, 8)",https://www.zap.co.il/model.aspx?modelid=1164216,2022
  Lenovo IdeaPad 3 15ITL6 82H8039AIV ,Lenovo,לא רלוונטי,Windows 11 Home,"1.65 ק""ג",16 GB,2.8Ghz,1165G7,דור 11,DDR4,512 GB,SSD,לא כולל,15.6 אינטש,1920x1080,LCD,60 Hz,ללא,1 מגה פיקסל,לא כולל,לא כולל,2975,3129,3052.0,"(2023, 6, 8)",https://www.zap.co.il/model.aspx?modelid=1185688,מ 2023
  Lenovo IdeaPad 3 15IAU7 82RK00D7IV ,Lenovo,לא רלוונטי,Windows 11 Home,"1.63 ק""ג",16 GB,3.3Ghz,1235U,דור 12,DDR4,512 GB,SSD,לא כולל,15.6 אינטש,1920x1080,LCD,60 Hz,ללא,1 מגה פיקסל,לא כולל,לא כולל,2877,3425,3151.0,"(2023, 6, 8)",https://www.zap.co.il/model.aspx?modelid=1174233,2022
  Lenovo IdeaPad Gaming 3 16IAH7 82SA006UIV ,Lenovo,גיימינג,Windows 11 Home,"2.6 ק""ג",16 GB,3.5Ghz,12700H,דור 12,DDR4,1000 GB,SSD,לא כולל,16 אינטש,1920x1200,IPS,165 Hz,ללא,כולל,לא כולל,לא כולל,5714,7490,6602.0,"(2023, 6, 8)",https://www.zap.co.il/model.aspx?modelid=1168677,2022
  Lenovo IdeaPad Flex 5 14IRU8 82Y0003XIV ,Lenovo,לא רלוונטי,Windows 11 Home,"1.5 ק""ג",8 GB,3.4Ghz,1335U,דור 13,DDR4,256 GB,SSD,לא כולל,14 אינטש,1920x1200,IPS,60 Hz,כולל,כולל,קורא טביעות אצבע,לא כולל,3529,3834,3681.5,"(2023, 6, 8)",https://www.zap.co.il/model.aspx?modelid=1194048,מ 2023
  Lenovo IdeaPad 3 15ITL6 82H802EVIV ,Lenovo,לא רלוונטי,ללא,"1.65 ק""ג",16 GB,2Ghz,1135G7,דור 11,DDR4,512 GB,SSD,לא כולל,15.6 אינטש,1920x1080,LCD,60 Hz,ללא,1 מגה פיקסל,לא כולל,לא כולל,2432,2807,2619.5,"(2023, 6, 8)",https://www.zap.co.il/model.aspx?modelid=1146705,2022
  Lenovo ThinkPad X13 Yoga Gen 3 21AW0043IV ,Lenovo,לא רלוונטי,Windows 11 Pro,"1.19 ק""ג",16 GB,4.4Ghz,1245U,דור 12,DDR4,512 GB,SSD,לא כולל,13.3 אינטש,1920x1200,IPS,60 Hz,כולל,כולל,"מצלמת IR, קורא טביעות אצבע",לא כולל,6660,7474,7067.0,"(2023, 6, 8)",https://www.zap.co.il/model.aspx?modelid=1169779,2022
  Lenovo IdeaPad Flex 5 14IRU8 82Y0004FIV ,Lenovo,לא רלוונטי,Windows 11 Home,"1.5 ק""ג",16 GB,3.7Ghz,1355U,דור 13,DDR4,512 GB,SSD,לא כולל,14 אינטש,1920x1200,OLED,60 Hz,כולל,כולל,קורא טביעות אצבע,לא כולל,4847,5265,5056.0,"(2023, 6, 8)",https://www.zap.co.il/model.aspx?modelid=1194054,מ 2023
  Lenovo IdeaPad Flex 5 16IAU7 82R8005WIV ,Lenovo,לא רלוונטי,Windows 11 Pro,"2.1 ק""ג",16 GB,3.5Ghz,1255U,דור 12,DDR4,1000 GB,SSD,לא כולל,16 אינטש,1920x1200,IPS,60 Hz,כולל,כולל,קורא טביעות אצבע,לא כולל,4439,5190,4814.5,"(2023, 6, 8)",https://www.zap.co.il/model.aspx?modelid=1163482,2022
  Lenovo IdeaPad Flex 5 14IRU8 82Y0003YIV ,Lenovo,לא רלוונטי,Windows 11 Home,"1.5 ק""ג",8 GB,3.4Ghz,1335U,דור 13,DDR4,512 GB,SSD,לא כולל,14 אינטש,1920x1200,IPS,60 Hz,כולל,כולל,קורא טביעות אצבע,לא כולל,3688,4018,3853.0,"(2023, 6, 8)",https://www.zap.co.il/model.aspx?modelid=1194037,מ 2023
  Lenovo ThinkPad X1 Nano Gen 2 21E80025IV ,Lenovo,לא רלוונטי,Windows 11 Pro,"0.96 ק""ג",16 GB,3.4Ghz,1260P,דור 12,DDR5,512 GB,SSD,לא כולל,13 אינטש,2160x1350,IPS,60 Hz,ללא,כולל,"מצלמת IR, קורא טביעות אצבע",לא כולל,8631,9679,9155.0,"(2023, 6, 8)",https://www.zap.co.il/model.aspx?modelid=1164187,2022
  Lenovo IdeaPad Gaming 3 15IAH7 82S900FLIV ,Lenovo,גיימינג,Windows 11 Home,"2.31 ק""ג",16 GB,3.3Ghz,12450H,דור 12,DDR4,1000 GB,SSD,לא כולל,15.6 אינטש,1920x1080,IPS,120 Hz,ללא,1 מגה פיקסל,לא כולל,לא כולל,4497,4769,4633.0,"(2023, 6, 8)",https://www.zap.co.il/model.aspx?modelid=1172114,2022
  Lenovo Legion 5 15IAH7 82RC004VIV ,Lenovo,גיימינג,Windows 11 Home,"2.35 ק""ג",16 GB,3.3Ghz,12500H,דור 12,DDR5,512 GB,SSD,לא כולל,15.6 אינטש,1920x1080,IPS,144 Hz,ללא,כולל,לא כולל,לא כולל,4970,5723,5346.5,"(2023, 6, 8)",https://www.zap.co.il/model.aspx?modelid=1168637,2022
  Lenovo Legion 5 Pro 16ARH7H 82RG00AVIV ,Lenovo,גיימינג,Windows 11 Home,"2.49 ק""ג",16 GB,4.7Ghz,6800H,דור 5,DDR5,1000 GB,SSD,לא כולל,16 אינטש,2560x1600,IPS,165 Hz,ללא,1 מגה פיקסל,לא כולל,לא כולל,6287,8390,7338.5,"(2023, 6, 8)",https://www.zap.co.il/model.aspx?modelid=1165593,2022
  Lenovo IdeaPad Flex 5 16IAU7 82R8005JIV ,Lenovo,לא רלוונטי,Windows 11 Home,"2.1 ק""ג",8 GB,3.3Ghz,1235U,דור 12,DDR4,256 GB,SSD,לא כולל,16 אינטש,1920x1200,IPS,60 Hz,כולל,כולל,קורא טביעות אצבע,לא כולל,3152,3423,3287.5,"(2023, 6, 8)",https://www.zap.co.il/model.aspx?modelid=1165584,2022
  Lenovo ThinkPad X13 Gen 3 21BN003WIV ,Lenovo,לא רלוונטי,Windows 11 Pro,"1.29 ק""ג",16 GB,4.4Ghz,1240P,דור 12,DDR5,512 GB,SSD,לא כולל,13.3 אינטש,1920x1200,IPS,60 Hz,ללא,כולל,"מצלמת IR, קורא טביעות אצבע",לא כולל,6079,6490,6284.5,"(2023, 6, 8)",https://www.zap.co.il/model.aspx?modelid=1166363,2022
  Lenovo IdeaPad Gaming 3 15IAH7 82S90137IV ,Lenovo,גיימינג,ללא,"2.31 ק""ג",16 GB,3.5Ghz,12650H,דור 12,DDR4,512 GB,SSD,לא כולל,15.6 אינטש,1920x1080,IPS,120 Hz,ללא,1 מגה פיקסל,לא כולל,לא כולל,4489,4634,4561.5,"(2023, 6, 8)",https://www.zap.co.il/model.aspx?modelid=1191791,מ 2023
  Lenovo IdeaPad Flex 5 14IRU8 82Y0003TIV ,Lenovo,לא רלוונטי,Windows 11 Home,"1.5 ק""ג",8 GB,3.3Ghz,1315U,דור 13,DDR4,256 GB,SSD,לא כולל,14 אינטש,1920x1200,IPS,60 Hz,כולל,כולל,קורא טביעות אצבע,לא כולל,3135,3423,3279.0,"(2023, 6, 8)",https://www.zap.co.il/model.aspx?modelid=1194024,מ 2023
  Lenovo ThinkPad L14 Gen 3 21C1003CIV ,Lenovo,לא רלוונטי,Windows 11 Home,"1.39 ק""ג",16 GB,3.3Ghz,1235U,דור 12,DDR4,512 GB,SSD,לא כולל,14 אינטש,1920x1080,IPS,60 Hz,ללא,כולל,מצלמת IR,לא כולל,4539,4990,4764.5,"(2023, 6, 8)",https://www.zap.co.il/model.aspx?modelid=1162343,2022
  Lenovo ThinkPad L13 Yoga Gen 3 21B5001SIV ,Lenovo,לא רלוונטי,Windows 11 Pro,"1.32 ק""ג",8 GB,3.3Ghz,1235U,דור 12,DDR4,512 GB,SSD,לא כולל,13.3 אינטש,1920x1200,IPS,60 Hz,כולל,כולל,מצלמת IR,לא כולל,5078,5466,5272.0,"(2023, 6, 8)",https://www.zap.co.il/model.aspx?modelid=1169056,2022
  Lenovo Legion 5 Pro 16IAH7H 82RF0080IV ,Lenovo,גיימינג,ללא,"2.49 ק""ג",32 GB,3.8Ghz,12900H,דור 12,DDR5,1000 GB,SSD,לא כולל,16 אינטש,2560x1600,IPS,165 Hz,ללא,1 מגה פיקסל,לא כולל,לא כולל,9597,10504,10050.5,"(2023, 6, 8)",https://www.zap.co.il/model.aspx?modelid=1170513,2022
  Lenovo Legion 5 15IAH7 82RC0050IV ,Lenovo,גיימינג,Windows 11 Home,"2.35 ק""ג",16 GB,3.3Ghz,12500H,דור 12,DDR5,1000 GB,SSD,לא כולל,15.6 אינטש,1920x1080,IPS,144 Hz,ללא,כולל,לא כולל,לא כולל,5143,5896,5519.5,"(2023, 6, 8)",https://www.zap.co.il/model.aspx?modelid=1167498,2022
  Lenovo Yoga Slim 7 Carbon 13IAP7 82U9006NIV ,Lenovo,לא רלוונטי,Windows 11 Home,"0.98 ק""ג",16 GB,4.4Ghz,1240P,דור 12,DDR5,512 GB,SSD,לא כולל,13.3 אינטש,2560x1600,IPS,90 Hz,כולל,1 מגה פיקסל,מצלמת IR,לא כולל,4947,6290,5618.5,"(2023, 6, 8)",https://www.zap.co.il/model.aspx?modelid=1170744,2022
  Lenovo Legion 5 Pro 16IAH7 82RF0079IV ,Lenovo,גיימינג,ללא,"2.49 ק""ג",16 GB,3.5Ghz,12700H,דור 12,DDR5,1000 GB,SSD,לא כולל,16 אינטש,2560x1600,IPS,165 Hz,ללא,1 מגה פיקסל,לא כולל,לא כולל,6589,7697,7143.0,"(2023, 6, 8)",https://www.zap.co.il/model.aspx?modelid=1159712,2022
